Workbook
Name months: OFFSET(data_mthly!$E$6:$E$2276,0,0,COUNTIF(data_mthly!$E:$E,">0"),1)
Name threeyrave: OFFSET(data_wkly!$C$632:$C$2300,0,0,COUNTIF(data_wkly!$C:$C,">0")-528,1)
Name weeks: IF(data_wkly!C1048570=data_wkly!XFD1048570,OFFSET(data_wkly!$C$6:$C$2300,0,0,COUNTIF(data_wkly!$C:$C,">0")-1,1),OFFSET(data_wkly!$C$6:$C$2300,0,0,COUNTIF(data_wkly!$C:$C,">0")-0,1))
Name wks_wtbnds: OFFSET(data_wkly!$C$671:$C$2300,0,0,COUNTIF(data_wkly!$C:$C,">0")-665,1)

Sheet data_wkly
A1: EU update week ending | B1: 46235 | D1: SPP update week ending | F1: 46228 | G1: SPP_EU_ave | H1: SPP_UK_price | I1: #REF! | J1: 9 | L1: Last update | M1: 46234 | O1: 46235 | AC1: 45668
A2: EU update week commencing | B2: 20260726 | D2: SPP_throughput | E2: SPP_EU_price | F2: SPP_EU_ave | G2: SPP_EU_ave | H2: SPP_UK_price | I2: SPP_UK_ave | J2: SPP_UK_ave | K2: SPP_EU_weight | L2: SPP_probe | M2: APP_throughput | N2: APP_EU_price | P2: APP_EU_ave | Q2: APP_UK_price | R2: APP_UK_ave | S2: APP_UK_ave | T2: APP_EU_weight | U2: APP_probe | W2: EU_price | Y2: EXUK_EU_price | AA2: EU_S_price | AC2: EXUK_EU_S_price | AO2: Up to 60 | AP2: 60 to 69.9 | AQ2: 70 to 79.9 | AR2: 80 to 89.9 | AS2: 90 to 99.9 | AT2: 100 to 104.9 | AU2: 105 and over | AV2: All pigs | AW2: 70 to 104.9 | AX2: Column12 | AY2: Up to 60_1 | AZ2: 60 to 69.9_2 | BA2: 70 to 79.9_3 | BB2: 80 to 89.9_4 | BC2: 90 to 99.9_5 | BD2: 100 to 104.9_6 | BE2: 105 and over_7 | BF2: All pigs_8 | BG2: 70 to 104.9_9 | BN2: update | BO2: SPP | BP2: 46228 | BQ2: 46232
D3: GB Standard Pig price (SPP) | M3: GB All pig price (APP) | W3: EU Grade E pig price | AA3: EU Grade S pig price | AF3: GB Deadweight Average Pig price (DAPP) - 2007 to 2014 | AO3: SPP volume | AY3: SPP average EU spec price | BI3: SPP volume | BK3: SPP average EU spec price | BN3: update | BO3: EU | BP3: 46235 | BQ3: 46234
B4: Week commencing | C4: Week ending | D4: Throughput | E4: EU Spec | H4: UK spec | K4: Carcase | M4: Throughput | N4: EU spec | Q4: UK spec | T4: Carcase | W4: EU28 | Y4: (excl. UK) pig price | AA4: EU28 | AC4: (excl. UK) pig price | AF4: EU spec | AI4: UK spec | AL4: Carcase | AO4: Weight bands (kg) | AY4: Weight bands (kg) | BI4: Weight bands (kg)
A5: 7 | E5: Price | F5: Change on week | G5: 3 year average | H5: Price | I5: Change on week | J5: 3 year average | K5: Weight (EU) | L5: Probe | N5: Price | O5: Change on week | P5: 3 year average | Q5: Price | R5: Change on week | S5: 3 year average | T5: Weight (EU) | U5: Probe | W5: Price | X5: Change on week | Y5: Price | Z5: Change on week | AA5: Price | AB5: Change on week | AC5: Price | AD5: Change on week | AF5: Price | AG5: Change on week | AH5: 3 year average | AI5: Price | AJ5: Change on week | AK5: 3 year average | AL5: Weight (EU) | AM5: Probe | AO5: Up to 60 | AP5: 60 to 69.9 | AQ5: 70 to 79.9 | AR5: 80 to 89.9 | AS5: 90 to 99.9 | AT5: 100 to 104.9 | AU5: 105 and over | AV5: All pigs | AW5: 70 to 104.9 | AY5: Up to 60 | AZ5: 60 to 69.9 | BA5: 70 to 79.9 | BB5: 80 to 89.9 | BC5: 90 to 99.9 | BD5: 100 to 104.9 | BE5: 105 and over | BF5: All pigs | BG5: 70 to 104.9 | BI5: 70 to 99.9* | BJ5: 100 and over* | BK5: 70 to 99.9* | BL5: 100 and over*
A6: 2007_1 | B6: 20061231 | C6: 39088 | AF6: 107.69 | AG6: -0.14 | AI6: 105.99 | AJ6: na
A7: 2007_2 | B7: 20070107 | C7: 39095 | AF7: 107.44 | AG7: -0.25 | AI7: 105.75 | AJ7: -0.24
A8: 2007_3 | B8: 20070114 | C8: 39102 | AF8: 106.4 | AG8: -1.04 | AI8: 104.72 | AJ8: -1.03
A9: 2007_4 | B9: 20070121 | C9: 39109 | AF9: 105.71 | AG9: -0.69 | AI9: 104.05 | AJ9: -0.67
A10: 2007_5 | B10: 20070128 | C10: 39116 | AF10: 105.02 | AG10: -0.69 | AI10: 103.37 | AJ10: -0.68
A11: 2007_6 | B11: 20070204 | C11: 39123 | AF11: 104.83 | AG11: -0.19 | AI11: 103.18 | AJ11: -0.19
A12: 2007_7 | B12: 20070211 | C12: 39130 | AF12: 104.49 | AG12: -0.34 | AI12: 102.84 | AJ12: -0.34
A13: 2007_8 | B13: 20070218 | C13: 39137 | AF13: 104.38 | AG13: -0.11 | AI13: 102.74 | AJ13: -0.1
A14: 2007_9 | B14: 20070225 | C14: 39144 | AF14: 104.46 | AG14: 0.08 | AI14: 102.81 | AJ14: 0.07
A15: 2007_10 | B15: 20070304 | C15: 39151 | AF15: 104.73 | AG15: 0.27 | AI15: 103.08 | AJ15: 0.27
A16: 2007_11 | B16: 20070311 | C16: 39158 | AF16: 105.3 | AG16: 0.57 | AI16: 103.64 | AJ16: 0.56
A17: 2007_12 | B17: 20070318 | C17: 39165 | AF17: 105.28 | AG17: -0.02 | AI17: 103.62 | AJ17: -0.02
A18: 2007_13 | B18: 20070325 | C18: 39172 | AF18: 105.81 | AG18: 0.53 | AI18: 104.14 | AJ18: 0.52
... A69: 2008_12 | B69: 20080316 | C69: 39529 | AF69: 114.29 | AG69: 0.7 | AI69: 112.23 | AJ69: 0.43
A70: 2008_13 | B70: 20080323 | C70: 39536 | AF70: 114.87 | AG70: 0.58 | AI70: 112.81 | AJ70: 0.58
A71: 2008_14 | B71: 20080330 | C71: 39543 | AF71: 116.27 | AG71: 1.4 | AI71: 114.2 | AJ71: 1.39
A72: 2008_15 | B72: 20080406 | C72: 39550 | AF72: 117.46 | AG72: 1.19 | AI72: 115.37 | AJ72: 1.17
A73: 2008_16 | B73: 20080413 | C73: 39557 | AF73: 118.05 | AG73: 0.59 | AI73: 115.95 | AJ73: 0.58
A74: 2008_17 | B74: 20080420 | C74: 39564 | AF74: 118.87 | AG74: 0.82 | AI74: 116.76 | AJ74: 0.81
A75: 2008_18 | B75: 20080427 | C75: 39571 | AF75: 119.47 | AG75: 0.6 | AI75: 117.34 | AJ75: 0.58
A76: 2008_19 | B76: 20080504 | C76: 39578 | AF76: 121.01 | AG76: 1.54 | AI76: 118.86 | AJ76: 1.52
A77: 2008_20 | B77: 20080511 | C77: 39585 | AF77: 121.97 | AG77: 0.96 | AI77: 119.8 | AJ77: 0.94
A78: 2008_21 | B78: 20080518 | C78: 39592 | AF78: 123.76 | AG78: 1.79 | AI78: 121.57 | AJ78: 1.77
A79: 2008_22 | B79: 20080525 | C79: 39599 | AF79: 124.91 | AG79: 1.15 | AI79: 122.7 | AJ79: 1.13
A80: 2008_23 | B80: 20080601 | C80: 39606 | AF80: 126.96 | AG80: 2.05 | AI80: 124.7 | AJ80: 2
A81: 2008_24 | B81: 20080608 | C81: 39613 | AF81: 129.22 | AG81: 2.26 | AI81: 126.94 | AJ81: 2.24
A82: 2008_25 | B82: 20080615 | C82: 39620 | AF82: 131.45 | AG82: 2.23 | AI82: 129.13 | AJ82: 2.19
A83: 2008_26 | B83: 20080622 | C83: 39627 | AF83: 133 | AG83: 1.55 | AI83: 130.65 | AJ83: 1.52
A84: 2008_27 | B84: 20080629 | C84: 39634 | AF84: 135.05 | AG84: 2.05 | AI84: 132.66 | AJ84: 2.01
A85: 2008_28 | B85: 20080706 | C85: 39641 | AF85: 135.6 | AG85: 0.55 | AI85: 133.2 | AJ85: 0.54
A86: 2008_29 | B86: 20080713 | C86: 39648 | AF86: 136.37 | AG86: 0.77 | AI86: 133.95 | AJ86: 0.75
A87: 2008_30 | B87: 20080720 | C87: 39655 | AF87: 137.22 | AG87: 0.85 | AI87: 134.77 | AJ87: 0.82
A88: 2008_31 | B88: 20080727 | C88: 39662 | AF88: 137.38 | AG88: 0.16 | AI88: 134.93 | AJ88: 0.16
A89: 2008_32 | B89: 20080803 | C89: 39669 | AF89: 136.85 | AG89: -0.53 | AI89: 134.41 | AJ89: -0.52
A90: 2008_33 | B90: 20080810 | C90: 39676 | AF90: 136.99 | AG90: 0.14 | AI90: 134.54 | AJ90: 0.13
A91: 2008_34 | B91: 20080817 | C91: 39683 | AF91: 136.43 | AG91: -0.56 | AI91: 133.99 | AJ91: -0.55
A92: 2008_35 | B92: 20080824 | C92: 39690 | AF92: 136.52 | AG92: 0.09 | AI92: 134.07 | AJ92: 0.08
A93: 2008_36 | B93: 20080831 | C93: 39697 | AF93: 135.91 | AG93: -0.61 | AI93: 133.47 | AJ93: -0.6
... A218: 2011_5 | B218: 20110123 | C218: 40572 | AF218: 136.32 | AG218: -0.41 | AI218: 133.86 | AJ218: -0.4
A219: 2011_6 | B219: 20110130 | C219: 40579 | AF219: 135.57 | AG219: -0.75 | AH219: 128.90667 | AI219: 133.12 | AJ219: -0.74 | AK219: 126.67667
A220: 2011_7 | B220: 20110206 | C220: 40586 | AF220: 135.09 | AG220: -0.48 | AH220: 129.67667 | AI220: 132.65 | AJ220: -0.47 | AK220: 127.43333
A221: 2011_8 | B221: 20110213 | C221: 40593 | AF221: 135.06 | AG221: -0.03 | AH221: 130.33333 | AI221: 132.62 | AJ221: -0.03 | AK221: 128.08
A222: 2011_9 | B222: 20110220 | C222: 40600 | AF222: 134.7 | AG222: -0.36 | AH222: 131.00333 | AI222: 132.27 | AJ222: -0.35 | AK222: 128.73333
A223: 2011_10 | B223: 20110227 | C223: 40607 | AF223: 134.89 | AG223: 0.19 | AH223: 131.71 | AI223: 132.46 | AJ223: 0.19 | AK223: 129.42667
A224: 2011_11 | B224: 20110306 | C224: 40614 | AF224: 135.05 | AG224: 0.16 | AH224: 132.41333 | AI224: 132.61 | AJ224: 0.15 | AK224: 130.12667
A225: 2011_12 | B225: 20110313 | C225: 40621 | AF225: 135.6 | AG225: 0.55 | AH225: 133.13 | AI225: 133.14 | AJ225: 0.53 | AK225: 130.74
A226: 2011_13 | B226: 20110320 | C226: 40628 | AF226: 136.58 | AG226: 0.98 | AH226: 95.693333 | AI226: 134.11 | AJ226: 0.97 | AK226: 131.58333
A227: 2011_14 | B227: 20110327 | C227: 40635 | AF227: 137.67 | AG227: 1.09 | AH227: 96.35 | AI227: 135.19 | AJ227: 1.08 | AK227: 132.68667
A228: 2011_15 | B228: 20110403 | C228: 40642 | AF228: 139.04 | AG228: 1.37 | AH228: 96.89 | AI228: 136.24 | AJ228: 1.05 | AK228: 133.60333
A229: 2011_16 | B229: 20110410 | C229: 40649 | AF229: 140.86 | AG229: 1.82 | AH229: 97.283333 | AI229: 138.31 | AJ229: 2.07 | AK229: 134.19
A230: 2011_17 | B230: 20110417 | C230: 40656 | AF230: 141.62 | AG230: 0.76 | AH230: 97.86 | AI230: 139.08 | AJ230: 0.77 | AK230: 135.03
... A237: 2011_24 | B237: 20110605 | C237: 40705 | AF237: 151.38 | AG237: 0.58 | AH237: 100.25 | AI237: 148.68 | AJ237: 0.57 | AK237: 140.78
A238: 2011_25 | B238: 20110612 | C238: 40712 | AF238: 152.34 | AG238: 0.96 | AH238: 144.19333 | AI238: 149.62 | AJ238: 0.94 | AK238: 141.62333 | AL238: 77.42 | AM238: 11.1
A239: 2011_26 | B239: 20110619 | C239: 40719 | AF239: 152.34 | AG239: 0 | AH239: 144.96667 | AI239: 149.62 | AJ239: 0 | AK239: 142.38667 | AL239: 77.62 | AM239: 11.2
A240: 2011_27 | B240: 20110626 | C240: 40726 | AF240: 152.86 | AG240: 0.52 | AH240: 145.87333 | AI240: 150.12 | AJ240: 0.5 | AK240: 143.27 | AL240: 77.87 | AM240: 11.2
A241: 2011_28 | B241: 20110703 | C241: 40733 | AF241: 152.71 | AG241: -0.15 | AH241: 145.94667 | AI241: 149.97 | AJ241: -0.15 | AK241: 143.34333 | AL241: 78.18 | AM241: 11.2
A242: 2011_29 | B242: 20110710 | C242: 40740 | AF242: 152.92 | AG242: 0.21 | AH242: 146.24 | AI242: 150.17 | AJ242: 0.2 | AK242: 143.63667 | AL242: 78.16 | AM242: 11.2
A243: 2011_30 | B243: 20110717 | C243: 40747 | AF243: 152.34 | AG243: -0.58 | AH243: 146.17667 | AI243: 149.6 | AJ243: -0.57 | AK243: 143.56667 | AL243: 78.25 | AM243: 11.1
A244: 2011_31 | B244: 20110724 | C244: 40754 | AF244: 151.9 | AG244: -0.44 | AH244: 146.00667 | AI244: 149.16 | AJ244: -0.44 | AK244: 143.39667 | AL244: 78.49 | AM244: 11.3
A245: 2011_32 | B245: 20110731 | C245: 40761 | AF245: 151.12 | AG245: -0.78 | AH245: 145.28667 | AI245: 148.4 | AJ245: -0.76 | AK245: 142.68667 | AL245: 78.43 | AM245: 11
A246: 2011_33 | B246: 20110807 | C246: 40768 | AF246: 150.06 | AG246: -1.06 | AH246: 144.93 | AI246: 147.36 | AJ246: -1.04 | AK246: 142.33333 | AL246: 78.82 | AM246: 11
A247: 2011_34 | B247: 20110814 | C247: 40775 | AF247: 149.17 | AG247: -0.89 | AH247: 144.05 | AI247: 146.48 | AJ247: -0.88 | AK247: 141.47333 | AL247: 79.08 | AM247: 11
A248: 2011_35 | B248: 20110821 | C248: 40782 | AF248: 148.05 | AG248: -1.12 | AH248: 143.79667 | AI248: 145.39 | AJ248: -1.09 | AK248: 141.21333 | AL248: 79.14 | AM248: 10.8
A249: 2011_36 | B249: 20110828 | C249: 40789 | AF249: 147.15 | AG249: -0.9 | AH249: 143.01667 | AI249: 144.49 | AJ249: -0.9 | AK249: 140.44333 | AL249: 79.62 | AM249: 11.1
... A265: 2011_52 | B265: 20111218 | C265: 40901 | AF265: 147.63 | AG265: -0.03 | AH265: 135.80667 | AI265: 144.99 | AJ265: -0.02 | AK265: 133.39 | AL265: 78.15 | AM265: 11.1
A266: 2011_53 | B266: 20111225 | C266: 40908 | AF266: 147.85 | AG266: 0.22 | AI266: 145.18 | AJ266: 0.19 | AL266: 79.32 | AM266: 11.1
A267: 2012_1 | B267: 20120101 | C267: 40915 | AF267: 145.67 | AG267: -2.18 | AH267: 135.6 | AI267: 143.04 | AJ267: -2.14 | AK267: 133.16667 | AL267: 80.12 | AM267: 11.4
A268: 2012_2 | B268: 20120108 | C268: 40922 | AF268: 145.42 | AG268: -0.25 | AH268: 135.40333 | AI268: 142.79 | AJ268: -0.25 | AK268: 132.97333 | AL268: 80.02 | AM268: 11.2
A269: 2012_3 | B269: 20120115 | C269: 40929 | AF269: 143.35 | AG269: -2.07 | AH269: 135.76667 | AI269: 140.76 | AJ269: -2.03 | AK269: 133.32333 | AL269: 80.02 | AM269: 11.2
A270: 2012_4 | B270: 20120122 | C270: 40936 | AF270: 142.31 | AG270: -1.04 | AH270: 135.69333 | AI270: 139.74 | AJ270: -1.02 | AK270: 133.25333 | AL270: 80.03 | AM270: 11.2
A271: 2012_5 | B271: 20120129 | C271: 40943 | AF271: 140.82 | AG271: -1.49 | AH271: 136.55667 | AI271: 138.27 | AJ271: -1.47 | AK271: 134.1 | AL271: 79.86 | AM271: 11.1
A272: 2012_6 | B272: 20120205 | C272: 40950 | AF272: 140.16 | AG272: -0.66 | AH272: 136.97333 | AI272: 137.62 | AJ272: -0.65 | AK272: 134.51 | AL272: 80.09 | AM272: 11
A273: 2012_7 | B273: 20120212 | C273: 40957 | AF273: 139.52 | AG273: -0.64 | AH273: 137.42 | AI273: 137 | AJ273: -0.62 | AK273: 134.95 | AL273: 79.79 | AM273: 11
A274: 2012_8 | B274: 20120219 | C274: 40964 | AF274: 139.36 | AG274: -0.16 | AH274: 138.10333 | AI274: 136.85 | AJ274: -0.15 | AK274: 135.62333 | AL274: 79.98 | AM274: 10.9
A275: 2012_9 | B275: 20120226 | C275: 40971 | AF275: 139.59 | AG275: 0.23 | AH275: 138.42667 | AI275: 137.06 | AJ275: 0.21 | AK275: 135.93667 | AL275: 79.46 | AM275: 10.9
A276: 2012_10 | B276: 20120304 | C276: 40978 | AF276: 140.53 | AG276: 0.94 | AH276: 139.04333 | AI276: 137.99 | AJ276: 0.93 | AK276: 136.54333 | AL276: 79.41 | AM276: 10.9
A277: 2012_11 | B277: 20120311 | C277: 40985 | AF277: 141.52 | AG277: 0.99 | AH277: 139.56667 | AI277: 138.98 | AJ277: 0.99 | AK277: 137.06333 | AL277: 79.27 | AM277: 10.9
A278: 2012_12 | B278: 20120318 | C278: 40992 | AF278: 142.35 | AG278: 0.83 | AH278: 140.23333 | AI278: 139.79 | AJ278: 0.81 | AK278: 137.71 | AL278: 78.86 | AM278: 10.7
... A287: 2012_21 | B287: 20120520 | C287: 41055 | AF287: 149.23 | AG287: 0.21 | AH287: 148.74333 | AI287: 146.56 | AJ287: 0.22 | AK287: 146.08 | AL287: 78.44 | AM287: 10.8
A288: 2012_22 | B288: 20120527 | C288: 41062 | AF288: 149.23 | AG288: 0 | AH288: 149.35333 | AI288: 146.56 | AJ288: 0 | AK288: 146.68333 | AL288: na | AM288: na
A289: 2012_23 | B289: 20120603 | C289: 41069 | AF289: 149.45 | AG289: 0.22 | AH289: 150.10667 | AI289: 146.77 | AJ289: 0.21 | AK289: 147.42333 | AL289: 78.09 | AM289: 10.8
A290: 2012_24 | B290: 20120610 | C290: 41076 | AF290: 149.37 | AG290: -0.08 | AH290: 150.71 | AI290: 146.7 | AJ290: -0.07 | AK290: 148.02667 | AL290: 77.96 | AM290: 10.8
A291: 2012_25 | B291: 20120617 | C291: 41083 | AF291: 149.99 | AG291: 0.62 | AH291: 151.15667 | AI291: 147.3 | AJ291: 0.6 | AK291: 148.45333 | AL291: 77.94 | AM291: 11
A292: 2012_26 | B292: 20120624 | C292: 41090 | AF292: 150.31 | AG292: 0.32 | AH292: 151.41333 | AI292: 147.62 | AJ292: 0.32 | AK292: 148.71 | AL292: 77.75 | AM292: 10.9
A293: 2012_27 | B293: 20120701 | C293: 41097 | AF293: 150.4 | AG293: 0.09 | AH293: 151.81 | AI293: 147.7 | AJ293: 0.08 | AK293: 149.09 | AL293: 77.65 | AM293: 10.9
A294: 2012_28 | B294: 20120708 | C294: 41104 | AF294: 150.46 | AG294: 0.06 | AH294: 151.65 | AI294: 147.76 | AJ294: 0.06 | AK294: 148.93333 | AL294: 77.8 | AM294: 10.9
A295: 2012_29 | B295: 20120715 | C295: 41111 | AF295: 150.62 | AG295: 0.16 | AH295: 151.75667 | AI295: 147.93 | AJ295: 0.17 | AK295: 149.04333 | AL295: 77.77 | AM295: 10.9
A296: 2012_30 | B296: 20120722 | C296: 41118 | AF296: 150.43 | AG296: -0.19 | AH296: 151.21667 | AI296: 147.74 | AJ296: -0.19 | AK296: 148.51 | AL296: 77.73 | AM296: 10.7
A297: 2012_31 | B297: 20120729 | C297: 41125 | AF297: 150.35 | AG297: -0.08 | AH297: 150.84667 | AI297: 147.66 | AJ297: -0.08 | AK297: 148.14 | AL297: 78.13 | AM297: 10.9
A298: 2012_32 | B298: 20120805 | C298: 41132 | AF298: 150.43 | AG298: 0.08 | AH298: 150.04333 | AI298: 147.74 | AJ298: 0.08 | AK298: 147.35 | AL298: 77.89 | AM298: 10.9
A299: 2012_33 | B299: 20120812 | C299: 41139 | AF299: 150.47 | AG299: 0.04 | AH299: 149.28667 | AI299: 147.78 | AJ299: 0.04 | AK299: 146.60667 | AL299: 78.05 | AM299: 11
A300: 2012_34 | B300: 20120819 | C300: 41146 | AF300: 150.39 | AG300: -0.08 | AH300: 148.29667 | AI300: 147.7 | AJ300: -0.08 | AK300: 145.63667 | AL300: 77.69 | AM300: 10.9
... A382: 2014_12 | B382: 20140316 | C382: 41720 | AF382: 162.86 | AG382: 0.3 | AH382: 145.19333 | AI382: 159.91 | AJ382: 0.29 | AK382: 142.57333 | AL382: 80.65 | AM382: 10.8
A383: 2014_13 | B383: 20140323 | C383: 41727 | AA383: 133.68 | AB383: 133.68 | AC383: 132.32 | AD383: 132.32 | AF383: 162.84 | AG383: -0.02 | AH383: 145.95 | AI383: 159.9 | AJ383: -0.01 | AK383: 143.32 | AL383: 80.56 | AM383: 10.8
A384: 2014_14 | B384: 20140330 | C384: 41734 | D384: 84243 | E384: 162.93 | F384: na | H384: 159.99 | I384: na | K384: 81.15 | L384: 11.1 | M384: 69305 | N384: 164.94 | O384: na | Q384: 161.98 | R384: na | T384: 80.54 | U384: 11.1 | W384: 131.8234 | X384: na | Y384: 132.38531 | Z384: na | AA384: 134.11 | AB384: 0.43 | AC384: 133.1 | AD384: 0.78 | AF384: 163.07 | AG384: 0.23 | AH384: 146.89667 | AI384: 160.12 | AJ384: 0.22 | AK384: 144.25333 | AL384: 80.35 | AM384: 11.1
...

Sheet data_mthly
A1: Last update | B1: 46204 | D1: SPP update month | F1: 46174 | G1: Percentage change | H1: -0.0064225532 | I1: -0.1410014 | K1: -0.0066942115 | L1: -0.14088629 | N1: APP update month | P1: 45627 | Q1: -0.0025958416 | R1: -0.028216393 | T1: -0.00273539 | U1: -0.027991895
F2: SPP_tp | G2: SPP_EU_price | J2: SPP_UK_price | M2: SPP_EU_weight | N2: SPP_probe | O2: APP_tp | P2: APP_EU_price | S2: APP_UK_price | V2: APP_EU_weight | W2: APP_probe
B3: Year | C3: Stat month start | D3: No weeks in stat month | E3: Month | F3: GB Standard Pig price (SPP) | O3: GB All Pig price (APP) | Y3: GB Deadweight Average Pig price (DAPP) - 2007 to 2014
F4: Throughput | G4: Euro spec | J4: UK spec | M4: Carcasse | O4: Throughput | P4: Euro spec | S4: UK spec | V4: Carcasse | Y4: Euro spec | AB4: UK spec | AE4: Carcasse
G5: Price | H5: Change on month | I5: Change on year | J5: Price | K5: Change on month | L5: Change on year | M5: Weight (EU) | N5: Probe | P5: Price | Q5: Change on month | R5: Change on year | S5: Price | T5: Change on month | U5: Change on year | V5: Weight (EU) | W5: Probe | Y5: Price | Z5: Change on month | AA5: Change on year | AB5: Price | AC5: Change on month | AD5: Change on year | AE5: Weight (EU) | AF5: Probe
B6: 2007 | E6: 39083 | Y6: 106.45 | AB6: 104.78 | AE6: 78.4 | AF6: 11
B7: 2007 | E7: 39114 | Y7: 104.54 | Z7: -1.91 | AB7: 102.89 | AC7: -1.89 | AE7: 78.6 | AF7: 10.9
B8: 2007 | E8: 39142 | Y8: 105.28 | Z8: 0.74 | AB8: 103.62 | AC8: 0.73 | AE8: 78.2 | AF8: 10.7
B9: 2007 | E9: 39173 | Y9: 106.4 | Z9: 1.12 | AB9: 104.73 | AC9: 1.11 | AE9: 78.2 | AF9: 10.8
B10: 2007 | E10: 39203 | Y10: 108.13 | Z10: 1.73 | AB10: 106.43 | AC10: 1.7 | AE10: 77.6 | AF10: 10.9
B11: 2007 | E11: 39234 | Y11: 109.55 | Z11: 1.42 | AB11: 107.82 | AC11: 1.39 | AE11: 77.3 | AF11: 11
B12: 2007 | E12: 39264 | Y12: 109.96 | Z12: 0.41 | AB12: 108.23 | AC12: 0.41 | AE12: 77.5 | AF12: 10.9
B13: 2007 | E13: 39295 | Y13: 109.37 | Z13: -0.59 | AB13: 107.64 | AC13: -0.59 | AE13: 79.6 | AF13: 11.1
B14: 2007 | E14: 39326 | Y14: 108.52 | Z14: -0.85 | AB14: 106.81 | AC14: -0.83 | AE14: 81.2 | AF14: 11.2
B15: 2007 | E15: 39356 | Y15: 109.04 | Z15: 0.52 | AB15: 107.33 | AC15: 0.52 | AE15: 81.77 | AF15: 11.2
B16: 2007 | E16: 39387 | Y16: 108.99 | Z16: -0.05 | AB16: 107.27 | AC16: -0.06 | AE16: 81.13 | AF16: 11.2
B17: 2007 | E17: 39417 | Y17: 110.17 | Z17: 1.18 | AB17: 108.44 | AC17: 1.17 | AE17: 79.76 | AF17: 11.1
B18: 2008 | E18: 39448 | Y18: 110.34 | Z18: 0.17 | AA18: 3.89 | AB18: 108.6 | AC18: 0.16 | AD18: 3.82 | AE18: 79.7 | AF18: 10.9
B19: 2008 | E19: 39479 | Y19: 111.85 | Z19: 1.51 | AA19: 7.31 | AB19: 110.09 | AC19: 1.49 | AD19: 7.2 | AE19: 78.68 | AF19: 10.7
B20: 2008 | E20: 39508 | Y20: 113.91 | Z20: 2.06 | AA20: 8.63 | AB20: 112.05 | AC20: 1.96 | AD20: 8.43 | AE20: 77.99 | AF20: 10.5
B21: 2008 | E21: 39539 | Y21: 118 | Z21: 4.09 | AA21: 11.6 | AB21: 115.9 | AC21: 3.85 | AD21: 11.17 | AE21: 77.48 | AF21: 10.5
B22: 2008 | E22: 39569 | Y22: 122.87 | Z22: 4.87 | AA22: 14.74 | AB22: 120.69 | AC22: 4.79 | AD22: 14.26 | AE22: 76.92 | AF22: 10.5
B23: 2008 | E23: 39600 | Y23: 130.21 | Z23: 7.34 | AA23: 20.66 | AB23: 127.9 | AC23: 7.21 | AD23: 20.08 | AE23: 76.69 | AF23: 10.7
B24: 2008 | E24: 39630 | Y24: 136.31 | Z24: 6.1 | AA24: 26.35 | AB24: 133.89 | AC24: 5.99 | AD24: 25.66 | AE24: 77.15 | AF24: 10.8
B25: 2008 | E25: 39661 | Y25: 136.7 | Z25: 0.39 | AA25: 27.33 | AB25: 134.26 | AC25: 0.37 | AD25: 26.62 | AE25: 78.03 | AF25: 11
B26: 2008 | E26: 39692 | Y26: 136.06 | Z26: -0.64 | AA26: 27.54 | AB26: 133.63 | AC26: -0.63 | AD26: 26.82 | AE26: 78.94 | AF26: 11.2
B27: 2008 | E27: 39722 | Y27: 135.86 | Z27: -0.2 | AA27: 26.82 | AB27: 133.42 | AC27: -0.21 | AD27: 26.09 | AE27: 78.81 | AF27: 11.3
B28: 2008 | E28: 39753 | Y28: 132.48 | Z28: -3.38 | AA28: 23.49 | AB28: 130.1 | AC28: -3.32 | AD28: 22.83 | AE28: 78.64 | AF28: 11.3
B29: 2008 | E29: 39783 | Y29: 131.14 | Z29: -1.34 | AA29: 20.97 | AB29: 128.81 | AC29: -1.29 | AD29: 20.37 | AE29: 76.8 | AF29: 11.1
... B41: 2009 | E41: 40148 | Y41: 138.79 | Z41: -1.22 | AA41: 7.65 | AB41: 136.31 | AC41: -1.18 | AD41: 7.5 | AE41: 78.76 | AF41: 11.2
B42: 2010 | C42: 40180 | D42: 4 | E42: 40179 | Y42: 138.89 | Z42: 0.1 | AA42: 7.43 | AB42: 136.4 | AC42: 0.09 | AD42: 7.29 | AE42: 79.55 | AF42: 11.1
B43: 2010 | C43: 40209 | D43: 4 | E43: 40210 | Y43: 140.92 | Z43: 2.03 | AA43: 3.78 | AB43: 138.39 | AC43: 1.99 | AD43: 3.7 | AE43: 79.49 | AF43: 10.9
B44: 2010 | C44: 40237 | D44: 4 | E44: 40238 | Y44: 142.13 | Z44: 1.21 | AA44: -0.19 | AB44: 139.57 | AC44: 1.18 | AD44: -0.22 | AE44: 79.44 | AF44: 10.9
B45: 2010 | C45: 40265 | D45: 5 | E45: 40269 | Y45: 143.6 | Z45: 1.47 | AA45: -4.7 | AB45: 141.02 | AC45: 1.45 | AD45: -4.63 | AE45: 79.23 | AF45: 10.9
B46: 2010 | C46: 40300 | D46: 4 | E46: 40299 | Y46: 145.22 | Z46: 1.62 | AA46: -6.85 | AB46: 142.62 | AC46: 1.6 | AD46: -6.73 | AE46: 78.64 | AF46: 10.8
B47: 2010 | C47: 40328 | D47: 4 | E47: 40330 | Y47: 146.77 | Z47: 1.55 | AA47: -7.27 | AB47: 144.15 | AC47: 1.53 | AD47: -7.15 | AE47: 78.11 | AF47: 10.9
B48: 2010 | C48: 40356 | D48: 5 | E48: 40360 | Y48: 146.54 | Z48: -0.23 | AA48: -8.73 | AB48: 143.92 | AC48: -0.23 | AD48: -8.58 | AE48: 78.05 | AF48: 11.2
B49: 2010 | C49: 40391 | D49: 4 | E49: 40391 | Y49: 143.74 | Z49: -2.8 | AA49: -9.32 | AB49: 141.16 | AC49: -2.76 | AD49: -9.16 | AE49: 78.92 | AF49: 11.3
B50: 2010 | C50: 40419 | D50: 4 | E50: 40422 | Y50: 141.43 | Z50: -2.31 | AA50: -8.62 | AB50: 138.88 | AC50: -2.28 | AD50: -8.48 | AE50: 79.73 | AF50: 11.3
B51: 2010 | C51: 40447 | D51: 5 | E51: 40452 | Y51: 138.57 | Z51: -2.86 | AA51: -7.05 | AB51: 136.07 | AC51: -2.81 | AD51: -6.93 | AE51: 80.11 | AF51: 11.4
B52: 2010 | C52: 40482 | D52: 4 | E52: 40483 | Y52: 136.69 | Z52: -1.88 | AA52: -3.32 | AB52: 134.23 | AC52: -1.84 | AD52: -3.26 | AE52: 79.9 | AF52: 11.5
B53: 2010 | C53: 40510 | D53: 5 | E53: 40513 | Y53: 137.15 | Z53: 0.46 | AA53: -1.64 | AB53: 134.69 | AC53: 0.46 | AD53: -1.62 | AE53: 78.67 | AF53: 11.1
... B92: 2014 | C92: 41700 | D92: 4 | E92: 41699 | Y92: 162.78 | Z92: -1.39 | AA92: 5.82 | AB92: 159.84 | AC92: -1.36 | AD92: 5.71 | AE92: 80.67 | AF92: 10.9
B93: 2014 | C93: 41728 | D93: 5 | E93: 41730 | F93: 409079 | G93: 163.26 | J93: 160.32 | M93: 80.94 | N93: 11 | O93: 349056 | P93: 165.25 | S93: 162.27 | V93: 80.44 | W93: 11 | Y93: 163.47 | Z93: 0.69 | AA93: 2.53 | AB93: 160.52 | AC93: 0.68 | AD93: 2.48 | AE93: 80.13 | AF93: 10.9
B94: 2014 | C94: 41763 | D94: 4 | E94: 41760 | F94: 318399 | G94: 163.98 | H94: 0.72 | J94: 161.03 | K94: 0.71 | M94: 80.83 | N94: 11 | O94: 282462 | P94: 166.12 | Q94: 0.87 | S94: 163.13 | T94: 0.86 | V94: 80.28 | W94: 11.1 | Y94: 164.25 | Z94: 0.78 | AA94: 0.19 | AB94: 161.28 | AC94: 0.76 | AD94: 0.17 | AE94: 79.89 | AF94: 10.9
B95: 2014 | C95: 41791 | D95: 4 | E95: 41791 | F95: 333630 | G95: 163.81 | H95: -0.17 | J95: 160.86 | K95: -0.17 | M95: 80.34 | N95: 11.2 | O95: 298305 | P95: 165.51 | Q95: -0.61 | S95: 162.54 | T95: -0.59 | V95: 79.85 | W95: 11.3 | Y95: 164.07 | Z95: -0.18 | AA95: -2.72 | AB95: 161.11 | AC95: -0.17 | AD95: -2.68 | AE95: 79.18 | AF95: 11
B96: 2014 | C96: 41819 | D96: 5 | E96: 41821 | F96: 415119 | G96: 161.48 | H96: -2.33 | J96: 158.57 | K96: -2.29 | M96: 80.16 | N96: 11.1 | O96: 394032 | P96: 163.67 | Q96: -1.84 | S96: 160.74 | T96: -1.8 | V96: 79.27 | W96: 11.2 | Y96: 161.5 | Z96: -2.57 | AA96: -7.05 | AB96: 158.59 | AC96: -2.52 | AD96: -6.93 | AE96: 78.95 | AF96: 11
B97: 2014 | C97: 41854 | D97: 4 | E97: 41852 | F97: 331347 | G97: 158.13 | H97: -3.35 | J97: 155.28 | K97: -3.29 | M97: 80.36 | N97: 11.2 | O97: 314677 | P97: 160.63 | Q97: -3.04 | S97: 157.75 | T97: -2.99 | V97: 80.06 | W97: 11.3 | Y97: 158.31 | Z97: -3.19 | AA97: -9.59 | AB97: 155.46 | AC97: -3.13 | AD97: -9.42 | AE97: 79.4 | AF97: 11.2
B98: 2014 | C98: 41882 | D98: 4 | E98: 41883 | F98: 342578 | G98: 156.07 | H98: -2.06 | J98: 153.26 | K98: -2.02 | M98: 81.65 | N98: 11.3 | O98: 336331 | P98: 158.75 | Q98: -1.88 | S98: 155.89 | T98: -1.86 | V98: 81.49 | W98: 11.4 | Y98: 156.19 | Z98: -2.12 | AA98: -13.88 | AB98: 153.37 | AC98: -2.09 | AD98: -13.63 | AE98: 80.75 | AF98: 11.2
B99: 2014 | C99: 41910 | D99: 5 | E99: 41913 | F99: 405089 | G99: 152.61 | H99: -3.46 | J99: 149.86 | K99: -3.4 | M99: 82.37 | N99: 11.4 | O99: 420631 | P99: 156.14 | Q99: -2.61 | S99: 153.34 | T99: -2.55 | V99: 82.13 | W99: 11.5
B100: 2014 | C100: 41945 | D100: 4 | E100: 41944 | F100: 343953 | G100: 146.64 | H100: -5.97 | J100: 143.99 | K100: -5.87 | M100: 82.39 | N100: 11.5 | O100: 353873 | P100: 150.35 | Q100: -5.79 | S100: 147.64 | T100: -5.7 | V100: 82.03 | W100: 11.7
B101: 2014 | C101: 41973 | D101: 4 | E101: 41974 | F101: 316788 | G101: 143.98 | H101: -2.66 | J101: 141.38 | K101: -2.61 | M101: 81.15 | N101: 11.4 | O101: 320540 | P101: 147.63 | Q101: -2.72 | S101: 144.97 | T101: -2.67 | V101: 80.28 | W101: 11.4
B102: 2015 | C102: 42001 | D102: 5 | E102: 42005 | F102: 398859 | G102: 140.7 | H102: -3.28 | J102: 138.16 | K102: -3.22 | M102: 83.02 | N102: 11.3 | O102: 394612 | P102: 144.06 | Q102: -3.57 | S102: 141.46 | T102: -3.51 | V102: 82.02 | W102: 11.3
B103: 2015 | C103: 42036 | D103: 4 | E103: 42036 | F103: 339206 | G103: 135.02 | H103: -5.68 | J103: 132.58 | K103: -5.58 | M103: 82.84 | N103: 11.3 | O103: 323436 | P103: 138.72 | Q103: -5.34 | S103: 136.22 | T103: -5.24 | V103: 81.85 | W103: 11.2
B104: 2015 | C104: 42064 | D104: 4 | E104: 42064 | F104: 338903 | G104: 132.65 | H104: -2.37 | J104: 130.25 | K104: -2.33 | M104: 82.58 | N104: 11.2 | O104: 326405 | P104: 136.54 | Q104: -2.18 | S104: 134.07 | T104: -2.15 | V104: 81.54 | W104: 11.1
B105: 2015 | C105: 42092 | D105: 5 | E105: 42095 | F105: 407073 | G105: 132.07 | H105: -0.58 | I105: -31.19 | J105: 129.68 | K105: -0.57 | L105: -30.64 | M105: 82.21 | N105: 11.2 | O105: 394383 | P105: 136.02 | Q105: -0.52 | R105: -29.23 | S105: 133.57 | T105: -0.5 | U105: -28.7 | V105: 80.9 | W105: 11.1
B106: 2015 | C106: 42127 | D106: 4 | E106: 42125 | F106: 322022 | G106: 131.28 | H106: -0.79 | I106: -32.7 | J106: 128.9 | K106: -0.78 | L106: -32.13 | M106: 81.63 | N106: 11.1 | O106: 313643 | P106: 136.02 | Q106: 0 | R106: -30.1 | S106: 133.57 | T106: 0 | U106: -29.56 | V106: 80.55 | W106: 11.2
B107: 2015 | C107: 42155 | D107: 4 | E107: 42156 | F107: 319279 | G107: 132.15 | H107: 0.87 | I107: -31.66 | J107: 129.76 | K107: 0.86 | L107: -31.1 | M107: 81.25 | N107: 11.2 | O107: 328543 | P107: 136.88 | Q107: 0.86 | R107: -28.63 | S107: 134.42 | T107: 0.85 | U107: -28.12 | V107: 80.14 | W107: 11.3
B108: 2015 | C108: 42183 | D108: 5 | E108: 42186 | F108: 407512 | G108: 133.02 | H108: 0.87 | I108: -28.46 | J108: 130.62 | K108: 0.86 | L108: -27.95 | M108: 80.3 | N108: 11.1 | O108: 414797 | P108: 137.18 | Q108: 0.3 | R108: -26.49 | S108: 134.72 | T108: 0.3 | U108: -26.02 | V108: 79.42 | W108: 11.2
B109: 2015 | C109: 42218 | D109: 4 | E109: 42217 | F109: 327910 | G109: 132.45 | H109: -0.57 | I109: -25.68 | J109: 130.06 | K109: -0.56 | L109: -25.22 | M109: 80.36 | N109: 11.1 | O109: 339964 | P109: 136.78 | Q109: -0.4 | R109: -23.85 | S109: 134.32 | T109: -0.4 | U109: -23.43 | V109: 80.06 | W109: 11.3
B110: 2015 | C110: 42246 | D110: 4 | E110: 42248 | F110: 338158 | G110: 130.75 | H110: -1.7 | I110: -25.32 | J110: 128.38 | K110: -1.68 | L110: -24.88 | M110: 81.34 | N110: 11.2 | O110: 341784 | P110: 134.88 | Q110: -1.9 | R110: -23.87 | S110: 132.45 | T110: -1.87 | U110: -23.44 | V110: 81.21 | W110: 11.3
B111: 2015 | C111: 42274 | D111: 5 | E111: 42278 | F111: 436708 | G111: 127.81 | H111: -2.94 | I111: -24.8 | J111: 125.5 | K111: -2.88 | L111: -24.36 | M111: 82.25 | N111: 11.4 | O111: 443051 | P111: 131.83 | Q111: -3.05 | R111: -24.31 | S111: 129.46 | T111: -2.99 | U111: -23.88 | V111: 82.15 | W111: 11.4
B112: 2015 | C112: 42309 | D112: 4 | E112: 42309 | F112: 349953 | G112: 126.25 | H112: -1.56 | I112: -20.39 | J112: 123.98 | K112: -1.52 | L112: -20.01 | M112: 82.3 | N112: 11.5 | O112: 370247 | P112: 129.91 | Q112: -1.92 | R112: -20.44 | S112: 127.58 | T112: -1.88 | U112: -20.06 | V112: 81.97 | W112: 11.6
B113: 2015 | C113: 42337 | D113: 4 | E113: 42339 | F113: 313451 | G113: 124.75 | H113: -1.5 | I113: -19.23 | J113: 122.5 | K113: -1.48 | L113: -18.88 | M113: 81.36 | N113: 11.4 | O113: 340019 | P113: 128.98 | Q113: -0.93 | R113: -18.65 | S113: 126.66 | T113: -0.92 | U113: -18.31 | V113: 80.61 | W113: 11.4
B114: 2016 | C114: 42365 | D114: 5 | E114: 42370 | F114: 384359 | G114: 117.37 | H114: -7.38 | I114: -23.33 | J114: 115.26 | K114: -7.24 | L114: -22.9 | M114: 84.04 | N114: 11.5 | O114: 381252 | P114: 121.59 | Q114: -7.39 | R114: -22.47 | S114: 119.41 | T114: -7.25 | U114: -22.05 | V114: 82.94 | W114: 11.6
B115: 2016 | C115: 42400 | D115: 4 | E115: 42401 | F115: 331443 | G115: 112.7 | H115: -4.67 | I115: -22.32 | J115: 110.67 | K115: -4.59 | L115: -21.91 | M115: 84.11 | N115: 11.3 | O115: 333046 | P115: 116.66 | Q115: -4.93 | R115: -22.06 | S115: 114.56 | T115: -4.85 | U115: -21.66 | V115: 83.28 | W115: 11.4
B116: 2016 | C116: 42428 | D116: 4 | E116: 42430 | F116: 326605 | G116: 112.33 | H116: -0.37 | I116: -20.32 | J116: 110.31 | K116: -0.36 | L116: -19.94 | M116: 83.51 | N116: 11.3 | O116: 316775 | P116: 115.98 | Q116: -0.68 | R116: -20.56 | S116: 113.89 | T116: -0.67 | U116: -20.18 | V116: 82.51 | W116: 11.3
... B221: 2024 | C221: 45627 | D221: 4 | E221: 45627 | F221: 229667 | G221: 206.19959 | H221: -0.22662 | I221: -8.37864 | J221: 202.65674 | K221: -0.27383 | L221: -8.21291 | M221: 89.0423 | N221: 11.6 | O221: 245986 | P221: 208.27654 | Q221: -0.54206 | R221: -6.04745 | S221: 204.69994 | T221: -0.56147 | U221: -5.89495 | V221: 88.40855 | W221: 11.7
B222: 2025 | C222: 45655 | D222: 5 | E222: 45658 | F222: 289174 | G222: 204.27028 | H222: -1.92931 | I222: -7.64181 | J222: 200.83609 | K222: -1.82065 | L222: -7.4738 | M222: 91.85708 | N222: 11.8
B223: 2025 | C223: 45690 | D223: 4 | E223: 45689 | F223: 244481 | G223: 203.26496 | H223: -1.00532 | I223: -8.05518 | J223: 199.84277 | K223: -0.99332 | L223: -7.89503 | M223: 91.67778 | N223: 11.7
B224: 2025 | C224: 45718 | D224: 4 | E224: 45717 | F224: 236203 | G224: 204.23726 | H224: 0.9723 | I224: -7.21497 | J224: 200.78231 | K224: 0.93954 | L224: -7.09966 | M224: 91.08053 | N224: 11.6
B225: 2025 | C225: 45746 | D225: 5 | E225: 45748 | F225: 290256 | G225: 205.22217 | H225: 0.98491 | I225: -5.6698 | J225: 201.75195 | K225: 0.96964 | L225: -5.57348 | M225: 91.10082 | N225: 11.5
B226: 2025 | C226: 45781 | D226: 4 | E226: 45778 | F226: 221717 | G226: 206.25852 | H226: 1.03635 | I226: -4.92711 | J226: 202.76086 | K226: 1.00891 | L226: -4.84146 | M226: 90.8184 | N226: 11.5
B227: 2025 | C227: 45809 | D227: 4 | E227: 45809 | F227: 229349 | G227: 207.19205 | H227: 0.93353 | I227: -3.07253 | J227: 203.6634 | K227: 0.90254 | L227: -3.03098 | M227: 90.13979 | N227: 11.5
B228: 2025 | C228: 45837 | D228: 5 | E228: 45839 | F228: 284277 | G228: 207.7199 | H228: 0.52785 | I228: -1.85259 | J228: 204.16753 | K228: 0.50413 | L228: -1.83918 | M228: 89.76425 | N228: 11.5
B229: 2025 | C229: 45872 | D229: 4 | E229: 45870 | F229: 229081 | G229: 207.78264 | H229: 0.06274 | I229: -1.9774 | J229: 204.2369 | K229: 0.06937 | L229: -1.94168 | M229: 89.95516 | N229: 11.5
B230: 2025 | C230: 45900 | D230: 4 | E230: 45901 | F230: 205473 | G230: 206.69006 | H230: -1.09258 | I230: -2.38669 | J230: 203.17937 | K230: -1.05753 | L230: -2.35253 | M230: 90.60138 | N230: 11.5
B231: 2025 | C231: 45928 | D231: 5 | E231: 45931 | F231: 271973 | G231: 204.08232 | H231: -2.60774 | I231: -3.38362 | J231: 200.67482 | K231: -2.50455 | L231: -3.30913 | M231: 92.6165 | N231: 11.9
B232: 2025 | C232: 45963 | D232: 4 | E232: 45962 | F232: 218506 | G232: 200.67622 | H232: -3.4061 | I232: -5.74999 | J232: 197.34059 | K232: -3.33423 | L232: -5.58998 | M232: 93.11402 | N232: 12
B233: 2025 | C233: 45991 | D233: 4 | E233: 45992 | F233: 198239 | G233: 197.73874 | H233: -2.93748 | I233: -8.46085 | J233: 194.43229 | K233: -2.9083 | L233: -8.22445 | M233: 92.4217 | N233: 11.9
... B239: 2026 | C239: 46173 | D239: 4 | E239: 46174 | F239: 201355 | G239: 177.97768 | H239: -1.15046 | I239: -29.21437 | J239: 174.97002 | K239: -1.17918 | L239: -28.69338 | M239: 91.36904 | N239: 11.5

Sheet Sheet6
U1: 43106
U2: 43470 | W2: APP_EU
J3: =YEAR(L3) -> 2014 | L3: 41730 | Q3: 41734 | U3: 43834 | W3: APP_UK
A4: Month | B4: Month start and end date | J4: =YEAR(L4) -> 2014 | L4: =EOMONTH(L3,0)+1 -> 41760 | Q4: =Q3+7 -> 41741 | U4: 44198 | W4: SPP_EU
C5: End date | D5: start_date | E5: end_date | F5: no_wks | J5: =YEAR(L5) -> 2014 | L5: =EOMONTH(L4,0)+1 -> 41791 | Q5: 41748 | U5: 44569 | W5: SPP_UK
J6: =YEAR(L6) -> 2014 | L6: =EOMONTH(L5,0)+1 -> 41821 | Q6: 41755 | U6: 44933
A7: 40179 | B7: 2/1/2010 - 30/1/2010 | D7: =DATE(H7,I7,G7) -> 40180 | E7: =D8-1 -> 40208 | F7: =ROUND((E7-D7)/7,0) -> 4 | G7: =LEFT(B7,FIND("/",B7)-1) -> 2 | H7: =RIGHT(TRIM(LEFT(B7,FIND("-",B7)-1)),4) -> 2010 | I7: =SUBSTITUTE(MID(SUBSTITUTE("/" & B7&REPT(" ",6),"/",REPT(",",255)),2*255,255),",","") -> 1 | J7: =YEAR(L7) -> 2014 | L7: =EOMONTH(L6,0)+1 -> 41852 | Q7: 41762 | U7: 45297
A8: 40210 | B8: 31/1/2010 - 27/2/2010 | D8: =DATE(H8,I8,G8) -> 40209 | E8: =D9-1 -> 40236 | F8: =ROUND((E8-D8)/7,0) -> 4 | G8: =LEFT(B8,FIND("/",B8)-1) -> 31 | H8: =RIGHT(TRIM(LEFT(B8,FIND("-",B8)-1)),4) -> 2010 | I8: =SUBSTITUTE(MID(SUBSTITUTE("/" & B8&REPT(" ",6),"/",REPT(",",255)),2*255,255),",","") -> 1 | J8: =YEAR(L8) -> 2014 | L8: =EOMONTH(L7,0)+1 -> 41883 | Q8: 41769 | U8: 46019
A9: 40238 | B9: 28/2/2010 - 27/3/2010 | D9: =DATE(H9,I9,G9) -> 40237 | E9: =D10-1 -> 40264 | F9: =ROUND((E9-D9)/7,0) -> 4 | G9: =LEFT(B9,FIND("/",B9)-1) -> 28 | H9: =RIGHT(TRIM(LEFT(B9,FIND("-",B9)-1)),4) -> 2010 | I9: =SUBSTITUTE(MID(SUBSTITUTE("/" & B9&REPT(" ",6),"/",REPT(",",255)),2*255,255),",","") -> 2 | J9: =YEAR(L9) -> 2014 | L9: =EOMONTH(L8,0)+1 -> 41913 | Q9: 41776
A10: 40269 | B10: 28/3/2010 - 1/5/2010 | D10: =DATE(H10,I10,G10) -> 40265 | E10: =D11-1 -> 40299 | F10: =ROUND((E10-D10)/7,0) -> 5 | G10: =LEFT(B10,FIND("/",B10)-1) -> 28 | H10: =RIGHT(TRIM(LEFT(B10,FIND("-",B10)-1)),4) -> 2010 | I10: =SUBSTITUTE(MID(SUBSTITUTE("/" & B10&REPT(" ",6),"/",REPT(",",255)),2*255,255),",","") -> 3 | J10: =YEAR(L10) -> 2014 | L10: =EOMONTH(L9,0)+1 -> 41944 | Q10: =Q9+7 -> 41783
A11: 40299 | B11: 2/5/2010 - 29/5/2010 | D11: =DATE(H11,I11,G11) -> 40300 | E11: =D12-1 -> 40327 | F11: =ROUND((E11-D11)/7,0) -> 4 | G11: =LEFT(B11,FIND("/",B11)-1) -> 2 | H11: =RIGHT(TRIM(LEFT(B11,FIND("-",B11)-1)),4) -> 2010 | I11: =SUBSTITUTE(MID(SUBSTITUTE("/" & B11&REPT(" ",6),"/",REPT(",",255)),2*255,255),",","") -> 5 | J11: =YEAR(L11) -> 2014 | L11: =EOMONTH(L10,0)+1 -> 41974 | Q11: 41790
A12: 40330 | B12: 30/5/2010 - 26/6/2010 | D12: =DATE(H12,I12,G12) -> 40328 | E12: =D13-1 -> 40355 | F12: =ROUND((E12-D12)/7,0) -> 4 | G12: =LEFT(B12,FIND("/",B12)-1) -> 30 | H12: =RIGHT(TRIM(LEFT(B12,FIND("-",B12)-1)),4) -> 2010 | I12: =SUBSTITUTE(MID(SUBSTITUTE("/" & B12&REPT(" ",6),"/",REPT(",",255)),2*255,255),",","") -> 5 | J12: =YEAR(L12) -> 2015 | L12: =EOMONTH(L11,0)+1 -> 42005 | Q12: =Q11+7 -> 41797
A13: 40360 | B13: 27/6/2010 - 31/7/2010 | D13: =DATE(H13,I13,G13) -> 40356 | E13: =D14-1 -> 40390 | F13: =ROUND((E13-D13)/7,0) -> 5 | G13: =LEFT(B13,FIND("/",B13)-1) -> 27 | H13: =RIGHT(TRIM(LEFT(B13,FIND("-",B13)-1)),4) -> 2010 | I13: =SUBSTITUTE(MID(SUBSTITUTE("/" & B13&REPT(" ",6),"/",REPT(",",255)),2*255,255),",","") -> 6 | J13: =YEAR(L13) -> 2015 | L13: =EOMONTH(L12,0)+1 -> 42036 | Q13: =Q12+7 -> 41804
A14: 40391 | B14: 1/8/2010 - 28/8/2010 | D14: =DATE(H14,I14,G14) -> 40391 | E14: =D15-1 -> 40418 | F14: =ROUND((E14-D14)/7,0) -> 4 | G14: =LEFT(B14,FIND("/",B14)-1) -> 1 | H14: =RIGHT(TRIM(LEFT(B14,FIND("-",B14)-1)),4) -> 2010 | I14: =SUBSTITUTE(MID(SUBSTITUTE("/" & B14&REPT(" ",6),"/",REPT(",",255)),2*255,255),",","") -> 8 | J14: =YEAR(L14) -> 2015 | L14: =EOMONTH(L13,0)+1 -> 42064 | Q14: 41811
A15: 40422 | B15: 29/8/2010 - 25/9/2010 | D15: =DATE(H15,I15,G15) -> 40419 | E15: =D16-1 -> 40446 | F15: =ROUND((E15-D15)/7,0) -> 4 | G15: =LEFT(B15,FIND("/",B15)-1) -> 29 | H15: =RIGHT(TRIM(LEFT(B15,FIND("-",B15)-1)),4) -> 2010 | I15: =SUBSTITUTE(MID(SUBSTITUTE("/" & B15&REPT(" ",6),"/",REPT(",",255)),2*255,255),",","") -> 8 | J15: =YEAR(L15) -> 2015 | L15: =EOMONTH(L14,0)+1 -> 42095 | Q15: 41818
A16: 40452 | B16: 26/9/2010 - 30/10/2010 | D16: =DATE(H16,I16,G16) -> 40447 | E16: =D17-1 -> 40481 | F16: =ROUND((E16-D16)/7,0) -> 5 | G16: =LEFT(B16,FIND("/",B16)-1) -> 26 | H16: =RIGHT(TRIM(LEFT(B16,FIND("-",B16)-1)),4) -> 2010 | I16: =SUBSTITUTE(MID(SUBSTITUTE("/" & B16&REPT(" ",6),"/",REPT(",",255)),2*255,255),",","") -> 9 | J16: =YEAR(L16) -> 2015 | L16: =EOMONTH(L15,0)+1 -> 42125 | Q16: 41825
A17: 40483 | B17: 31/10/2010 - 27/11/2010 | D17: =DATE(H17,I17,G17) -> 40482 | E17: =D18-1 -> 40509 | F17: =ROUND((E17-D17)/7,0) -> 4 | G17: =LEFT(B17,FIND("/",B17)-1) -> 31 | H17: =RIGHT(TRIM(LEFT(B17,FIND("-",B17)-1)),4) -> 2010 | I17: =SUBSTITUTE(MID(SUBSTITUTE("/" & B17&REPT(" ",6),"/",REPT(",",255)),2*255,255),",","") -> 10 | J17: =YEAR(L17) -> 2015 | L17: =EOMONTH(L16,0)+1 -> 42156 | Q17: 41832
A18: 40513 | B18: 28/11/2010 - 1/1/2011 | D18: =DATE(H18,I18,G18) -> 40510 | E18: =D19-1 -> 40544 | F18: =ROUND((E18-D18)/7,0) -> 5 | G18: =LEFT(B18,FIND("/",B18)-1) -> 28 | H18: =RIGHT(TRIM(LEFT(B18,FIND("-",B18)-1)),4) -> 2010 | I18: =SUBSTITUTE(MID(SUBSTITUTE("/" & B18&REPT(" ",6),"/",REPT(",",255)),2*255,255),",","") -> 11 | J18: =YEAR(L18) -> 2015 | L18: =EOMONTH(L17,0)+1 -> 42186 | Q18: 41839
A19: 40544 | B19: 2/1/2011 - 5/2/2011 | D19: =DATE(H19,I19,G19) -> 40545 | E19: =D20-1 -> 40579 | F19: =ROUND((E19-D19)/7,0) -> 5 | G19: =LEFT(B19,FIND("/",B19)-1) -> 2 | H19: =RIGHT(TRIM(LEFT(B19,FIND("-",B19)-1)),4) -> 2011 | I19: =SUBSTITUTE(MID(SUBSTITUTE("/" & B19&REPT(" ",6),"/",REPT(",",255)),2*255,255),",","") -> 1 | J19: =YEAR(L19) -> 2015 | L19: =EOMONTH(L18,0)+1 -> 42217 | Q19: 41846
A20: 40575 | B20: 6/2/2011 - 5/3/2011 | D20: =DATE(H20,I20,G20) -> 40580 | E20: =D21-1 -> 40607 | F20: =ROUND((E20-D20)/7,0) -> 4 | G20: =LEFT(B20,FIND("/",B20)-1) -> 6 | H20: =RIGHT(TRIM(LEFT(B20,FIND("-",B20)-1)),4) -> 2011 | I20: =SUBSTITUTE(MID(SUBSTITUTE("/" & B20&REPT(" ",6),"/",REPT(",",255)),2*255,255),",","") -> 2 | J20: =YEAR(L20) -> 2015 | L20: =EOMONTH(L19,0)+1 -> 42248 | Q20: 41853
A21: 40603 | B21: 6/3/2011 - 2/4/2011 | D21: =DATE(H21,I21,G21) -> 40608 | E21: =D22-1 -> 40635 | F21: =ROUND((E21-D21)/7,0) -> 4 | G21: =LEFT(B21,FIND("/",B21)-1) -> 6 | H21: =RIGHT(TRIM(LEFT(B21,FIND("-",B21)-1)),4) -> 2011 | I21: =SUBSTITUTE(MID(SUBSTITUTE("/" & B21&REPT(" ",6),"/",REPT(",",255)),2*255,255),",","") -> 3 | J21: =YEAR(L21) -> 2015 | L21: =EOMONTH(L20,0)+1 -> 42278 | Q21: 41860
A22: 40634 | B22: 3/4/2011 - 7/5/2011 | D22: =DATE(H22,I22,G22) -> 40636 | E22: =D23-1 -> 40670 | F22: =ROUND((E22-D22)/7,0) -> 5 | G22: =LEFT(B22,FIND("/",B22)-1) -> 3 | H22: =RIGHT(TRIM(LEFT(B22,FIND("-",B22)-1)),4) -> 2011 | I22: =SUBSTITUTE(MID(SUBSTITUTE("/" & B22&REPT(" ",6),"/",REPT(",",255)),2*255,255),",","") -> 4 | J22: =YEAR(L22) -> 2015 | L22: =EOMONTH(L21,0)+1 -> 42309 | Q22: 41867
A23: 40664 | B23: 8/5/2011 - 4/6/2011 | D23: =DATE(H23,I23,G23) -> 40671 | E23: =D24-1 -> 40698 | F23: =ROUND((E23-D23)/7,0) -> 4 | G23: =LEFT(B23,FIND("/",B23)-1) -> 8 | H23: =RIGHT(TRIM(LEFT(B23,FIND("-",B23)-1)),4) -> 2011 | I23: =SUBSTITUTE(MID(SUBSTITUTE("/" & B23&REPT(" ",6),"/",REPT(",",255)),2*255,255),",","") -> 5 | J23: =YEAR(L23) -> 2015 | L23: =EOMONTH(L22,0)+1 -> 42339 | Q23: 41874
A24: 40695 | B24: 5/6/2011 - 2/7/2011 | D24: =DATE(H24,I24,G24) -> 40699 | E24: =D25-1 -> 40726 | F24: =ROUND((E24-D24)/7,0) -> 4 | G24: =LEFT(B24,FIND("/",B24)-1) -> 5 | H24: =RIGHT(TRIM(LEFT(B24,FIND("-",B24)-1)),4) -> 2011 | I24: =SUBSTITUTE(MID(SUBSTITUTE("/" & B24&REPT(" ",6),"/",REPT(",",255)),2*255,255),",","") -> 6 | J24: =YEAR(L24) -> 2016 | L24: =EOMONTH(L23,0)+1 -> 42370 | Q24: 41881
A25: 40725 | B25: 3/7/2011 - 6/8/2011 | D25: =DATE(H25,I25,G25) -> 40727 | E25: =D26-1 -> 40761 | F25: =ROUND((E25-D25)/7,0) -> 5 | G25: =LEFT(B25,FIND("/",B25)-1) -> 3 | H25: =RIGHT(TRIM(LEFT(B25,FIND("-",B25)-1)),4) -> 2011 | I25: =SUBSTITUTE(MID(SUBSTITUTE("/" & B25&REPT(" ",6),"/",REPT(",",255)),2*255,255),",","") -> 7 | J25: =YEAR(L25) -> 2016 | L25: =EOMONTH(L24,0)+1 -> 42401 | Q25: 41888
... A28: 40817 | B28: 2/10/2011 - 5/11/2011 | D28: =DATE(H28,I28,G28) -> 40818 | E28: =D29-1 -> 40852 | F28: =ROUND((E28-D28)/7,0) -> 5 | G28: =LEFT(B28,FIND("/",B28)-1) -> 2 | H28: =RIGHT(TRIM(LEFT(B28,FIND("-",B28)-1)),4) -> 2011 | I28: =SUBSTITUTE(MID(SUBSTITUTE("/" & B28&REPT(" ",6),"/",REPT(",",255)),2*255,255),",","") -> 10 | J28: =YEAR(L28) -> 2016 | L28: =EOMONTH(L27,0)+1 -> 42491 | Q28: 41909
A29: 40848 | B29: 6/11/2011 - 3/12/2011 | D29: =DATE(H29,I29,G29) -> 40853 | E29: =D30-1 -> 40880 | F29: =ROUND((E29-D29)/7,0) -> 4 | G29: =LEFT(B29,FIND("/",B29)-1) -> 6 | H29: =RIGHT(TRIM(LEFT(B29,FIND("-",B29)-1)),4) -> 2011 | I29: =SUBSTITUTE(MID(SUBSTITUTE("/" & B29&REPT(" ",6),"/",REPT(",",255)),2*255,255),",","") -> 11 | J29: =YEAR(L29) -> 2016 | L29: =EOMONTH(L28,0)+1 -> 42522 | Q29: =Q28+7 -> 41916
A30: 40878 | B30: 4/12/2011 - 31/12/2011 | D30: =DATE(H30,I30,G30) -> 40881 | E30: =D31-1 -> 40908 | F30: =ROUND((E30-D30)/7,0) -> 4 | G30: =LEFT(B30,FIND("/",B30)-1) -> 4 | H30: =RIGHT(TRIM(LEFT(B30,FIND("-",B30)-1)),4) -> 2011 | I30: =SUBSTITUTE(MID(SUBSTITUTE("/" & B30&REPT(" ",6),"/",REPT(",",255)),2*255,255),",","") -> 12 | J30: =YEAR(L30) -> 2016 | L30: =EOMONTH(L29,0)+1 -> 42552 | Q30: =Q29+7 -> 41923
A31: 40909 | B31: 1/1/2012 - 4/2/2012 | D31: =DATE(H31,I31,G31) -> 40909 | E31: =D32-1 -> 40943 | F31: =ROUND((E31-D31)/7,0) -> 5 | G31: =LEFT(B31,FIND("/",B31)-1) -> 1 | H31: =RIGHT(TRIM(LEFT(B31,FIND("-",B31)-1)),4) -> 2012 | I31: =SUBSTITUTE(MID(SUBSTITUTE("/" & B31&REPT(" ",6),"/",REPT(",",255)),2*255,255),",","") -> 1 | J31: =YEAR(L31) -> 2016 | L31: =EOMONTH(L30,0)+1 -> 42583 | Q31: =Q30+7 -> 41930
A32: 40940 | B32: 5/2/2012 - 4/3/2012 | D32: =DATE(H32,I32,G32) -> 40944 | E32: =D33-1 -> 40972 | F32: =ROUND((E32-D32)/7,0) -> 4 | G32: =LEFT(B32,FIND("/",B32)-1) -> 5 | H32: =RIGHT(TRIM(LEFT(B32,FIND("-",B32)-1)),4) -> 2012 | I32: =SUBSTITUTE(MID(SUBSTITUTE("/" & B32&REPT(" ",6),"/",REPT(",",255)),2*255,255),",","") -> 2 | J32: =YEAR(L32) -> 2016 | L32: =EOMONTH(L31,0)+1 -> 42614 | Q32: =Q31+7 -> 41937
A33: 40969 | B33: 5/3/2012 - 1/4/2012 | D33: =DATE(H33,I33,G33) -> 40973 | E33: =D34-1 -> 41000 | F33: =ROUND((E33-D33)/7,0) -> 4 | G33: =LEFT(B33,FIND("/",B33)-1) -> 5 | H33: =RIGHT(TRIM(LEFT(B33,FIND("-",B33)-1)),4) -> 2012 | I33: =SUBSTITUTE(MID(SUBSTITUTE("/" & B33&REPT(" ",6),"/",REPT(",",255)),2*255,255),",","") -> 3 | J33: =YEAR(L33) -> 2016 | L33: =EOMONTH(L32,0)+1 -> 42644 | Q33: =Q32+7 -> 41944
A34: 41000 | B34: 2/4/2012 - 6/5/2012 | D34: =DATE(H34,I34,G34) -> 41001 | E34: =D35-1 -> 41035 | F34: =ROUND((E34-D34)/7,0) -> 5 | G34: =LEFT(B34,FIND("/",B34)-1) -> 2 | H34: =RIGHT(TRIM(LEFT(B34,FIND("-",B34)-1)),4) -> 2012 | I34: =SUBSTITUTE(MID(SUBSTITUTE("/" & B34&REPT(" ",6),"/",REPT(",",255)),2*255,255),",","") -> 4 | J34: =YEAR(L34) -> 2016 | L34: =EOMONTH(L33,0)+1 -> 42675 | Q34: =Q33+7 -> 41951
A35: 41030 | B35: 7/5/2012 - 3/6/2012 | D35: =DATE(H35,I35,G35) -> 41036 | E35: =D36-1 -> 41063 | F35: =ROUND((E35-D35)/7,0) -> 4 | G35: =LEFT(B35,FIND("/",B35)-1) -> 7 | H35: =RIGHT(TRIM(LEFT(B35,FIND("-",B35)-1)),4) -> 2012 | I35: =SUBSTITUTE(MID(SUBSTITUTE("/" & B35&REPT(" ",6),"/",REPT(",",255)),2*255,255),",","") -> 5 | J35: =YEAR(L35) -> 2016 | L35: =EOMONTH(L34,0)+1 -> 42705 | Q35: =Q34+7 -> 41958
A36: 41061 | B36: 4/6/2012 - 1/7/2012 | D36: =DATE(H36,I36,G36) -> 41064 | E36: =D37-1 -> 41091 | F36: =ROUND((E36-D36)/7,0) -> 4 | G36: =LEFT(B36,FIND("/",B36)-1) -> 4 | H36: =RIGHT(TRIM(LEFT(B36,FIND("-",B36)-1)),4) -> 2012 | I36: =SUBSTITUTE(MID(SUBSTITUTE("/" & B36&REPT(" ",6),"/",REPT(",",255)),2*255,255),",","") -> 6 | J36: =YEAR(L36) -> 2017 | L36: =EOMONTH(L35,0)+1 -> 42736 | Q36: =Q35+7 -> 41965
A37: 41091 | B37: 2/7/2012 - 5/8/2012 | D37: =DATE(H37,I37,G37) -> 41092 | E37: =D38-1 -> 41126 | F37: =ROUND((E37-D37)/7,0) -> 5 | G37: =LEFT(B37,FIND("/",B37)-1) -> 2 | H37: =RIGHT(TRIM(LEFT(B37,FIND("-",B37)-1)),4) -> 2012 | I37: =SUBSTITUTE(MID(SUBSTITUTE("/" & B37&REPT(" ",6),"/",REPT(",",255)),2*255,255),",","") -> 7 | J37: =YEAR(L37) -> 2017 | L37: =EOMONTH(L36,0)+1 -> 42767 | Q37: =Q36+7 -> 41972
A38: 41122 | B38: 6/8/2012 - 2/9/2012 | D38: =DATE(H38,I38,G38) -> 41127 | E38: =D39-1 -> 41154 | F38: =ROUND((E38-D38)/7,0) -> 4 | G38: =LEFT(B38,FIND("/",B38)-1) -> 6 | H38: =RIGHT(TRIM(LEFT(B38,FIND("-",B38)-1)),4) -> 2012 | I38: =SUBSTITUTE(MID(SUBSTITUTE("/" & B38&REPT(" ",6),"/",REPT(",",255)),2*255,255),",","") -> 8 | J38: =YEAR(L38) -> 2017 | L38: =EOMONTH(L37,0)+1 -> 42795 | Q38: =Q37+7 -> 41979
A39: 41153 | B39: 3/9/2012 - 30/9/2012 | D39: =DATE(H39,I39,G39) -> 41155 | E39: =D40-1 -> 41182 | F39: =ROUND((E39-D39)/7,0) -> 4 | G39: =LEFT(B39,FIND("/",B39)-1) -> 3 | H39: =RIGHT(TRIM(LEFT(B39,FIND("-",B39)-1)),4) -> 2012 | I39: =SUBSTITUTE(MID(SUBSTITUTE("/" & B39&REPT(" ",6),"/",REPT(",",255)),2*255,255),",","") -> 9 | J39: =YEAR(L39) -> 2017 | L39: =EOMONTH(L38,0)+1 -> 42826 | Q39: =Q38+7 -> 41986
A40: 41183 | B40: 1/10/2012 - 4/11/2012 | D40: =DATE(H40,I40,G40) -> 41183 | E40: =D41-1 -> 41217 | F40: =ROUND((E40-D40)/7,0) -> 5 | G40: =LEFT(B40,FIND("/",B40)-1) -> 1 | H40: =RIGHT(TRIM(LEFT(B40,FIND("-",B40)-1)),4) -> 2012 | I40: =SUBSTITUTE(MID(SUBSTITUTE("/" & B40&REPT(" ",6),"/",REPT(",",255)),2*255,255),",","") -> 10 | J40: =YEAR(L40) -> 2017 | L40: =EOMONTH(L39,0)+1 -> 42856 | Q40: =Q39+7 -> 41993
... A137: 44136 | B137: 01/11/2020 - 28/11/2020 | D137: =DATE(H137,I137,G137) -> 44136 | E137: =D138-1 -> 44163 | F137: =ROUND((E137-D137)/7,0) -> 4 | G137: =LEFT(B137,FIND("/",B137)-1) -> 01 | H137: =RIGHT(TRIM(LEFT(B137,FIND("-",B137)-1)),4) -> 2020 | I137: =SUBSTITUTE(MID(SUBSTITUTE("/" & B137&REPT(" ",6),"/",REPT(",",255)),2*255,255),",","") -> 11 | J137: =YEAR(L137) -> 2025 | L137: =EOMONTH(L136,0)+1 -> 45809 | Q137: =Q136+7 -> 42672
A138: 44166 | B138: 29/11/2020 - 26/12/2020 | D138: =DATE(H138,I138,G138) -> 44164 | E138: =D139-1 -> 44191 | F138: =ROUND((E138-D138)/7,0) -> 4 | G138: =LEFT(B138,FIND("/",B138)-1) -> 29 | H138: =RIGHT(TRIM(LEFT(B138,FIND("-",B138)-1)),4) -> 2020 | I138: =SUBSTITUTE(MID(SUBSTITUTE("/" & B138&REPT(" ",6),"/",REPT(",",255)),2*255,255),",","") -> 11 | Q138: =Q137+7 -> 42679
A139: 44197 | B139: 27/12/2020 - 30/01/2021 | D139: =DATE(H139,I139,G139) -> 44192 | E139: =D140-1 -> 44226 | F139: =ROUND((E139-D139)/7,0) -> 5 | G139: =LEFT(B139,FIND("/",B139)-1) -> 27 | H139: =RIGHT(TRIM(LEFT(B139,FIND("-",B139)-1)),4) -> 2020 | I139: =SUBSTITUTE(MID(SUBSTITUTE("/" & B139&REPT(" ",6),"/",REPT(",",255)),2*255,255),",","") -> 12 | Q139: =Q138+7 -> 42686
A140: 44228 | B140: 31/01/2021 - 27/02/2021 | D140: =DATE(H140,I140,G140) -> 44227 | E140: =D141-1 -> 44254 | F140: =ROUND((E140-D140)/7,0) -> 4 | G140: =LEFT(B140,FIND("/",B140)-1) -> 31 | H140: =RIGHT(TRIM(LEFT(B140,FIND("-",B140)-1)),4) -> 2021 | I140: =SUBSTITUTE(MID(SUBSTITUTE("/" & B140&REPT(" ",6),"/",REPT(",",255)),2*255,255),",","") -> 01 | Q140: =Q139+7 -> 42693
A141: 44256 | B141: 28/02/2021 - 27/03/2021 | D141: =DATE(H141,I141,G141) -> 44255 | E141: =D142-1 -> 44282 | F141: =ROUND((E141-D141)/7,0) -> 4 | G141: =LEFT(B141,FIND("/",B141)-1) -> 28 | H141: =RIGHT(TRIM(LEFT(B141,FIND("-",B141)-1)),4) -> 2021 | I141: =SUBSTITUTE(MID(SUBSTITUTE("/" & B141&REPT(" ",6),"/",REPT(",",255)),2*255,255),",","") -> 02 | Q141: =Q140+7 -> 42700
A142: 44287 | B142: 28/03/2021 - 01/05/2021 | D142: =DATE(H142,I142,G142) -> 44283 | E142: =D143-1 -> 44317 | F142: =ROUND((E142-D142)/7,0) -> 5 | G142: =LEFT(B142,FIND("/",B142)-1) -> 28 | H142: =RIGHT(TRIM(LEFT(B142,FIND("-",B142)-1)),4) -> 2021 | I142: =SUBSTITUTE(MID(SUBSTITUTE("/" & B142&REPT(" ",6),"/",REPT(",",255)),2*255,255),",","") -> 03 | Q142: =Q141+7 -> 42707
A143: 44317 | B143: 02/05/2021 - 29/05/2021 | D143: =DATE(H143,I143,G143) -> 44318 | E143: =D144-1 -> 44345 | F143: =ROUND((E143-D143)/7,0) -> 4 | G143: =LEFT(B143,FIND("/",B143)-1) -> 02 | H143: =RIGHT(TRIM(LEFT(B143,FIND("-",B143)-1)),4) -> 2021 | I143: =SUBSTITUTE(MID(SUBSTITUTE("/" & B143&REPT(" ",6),"/",REPT(",",255)),2*255,255),",","") -> 05 | Q143: =Q142+7 -> 42714
A144: 44348 | B144: 30/05/2021 - 26/06/2021 | D144: =DATE(H144,I144,G144) -> 44346 | E144: =D145-1 -> 44373 | F144: =ROUND((E144-D144)/7,0) -> 4 | G144: =LEFT(B144,FIND("/",B144)-1) -> 30 | H144: =RIGHT(TRIM(LEFT(B144,FIND("-",B144)-1)),4) -> 2021 | I144: =SUBSTITUTE(MID(SUBSTITUTE("/" & B144&REPT(" ",6),"/",REPT(",",255)),2*255,255),",","") -> 05 | Q144: =Q143+7 -> 42721
A145: 44378 | B145: 27/06/2021 - 31/07/2021 | D145: =DATE(H145,I145,G145) -> 44374 | E145: =D146-1 -> 44408 | F145: =ROUND((E145-D145)/7,0) -> 5 | G145: =LEFT(B145,FIND("/",B145)-1) -> 27 | H145: =RIGHT(TRIM(LEFT(B145,FIND("-",B145)-1)),4) -> 2021 | I145: =SUBSTITUTE(MID(SUBSTITUTE("/" & B145&REPT(" ",6),"/",REPT(",",255)),2*255,255),",","") -> 06 | Q145: =Q144+7 -> 42728
A146: =EOMONTH(A145,0)+1 -> 44409 | B146: 01/08/2021 - 28/08/2021 | D146: =DATE(H146,I146,G146) -> 44409 | E146: =D147-1 -> 44436 | F146: =ROUND((E146-D146)/7,0) -> 4 | G146: =LEFT(B146,FIND("/",B146)-1) -> 01 | H146: =RIGHT(TRIM(LEFT(B146,FIND("-",B146)-1)),4) -> 2021 | I146: =SUBSTITUTE(MID(SUBSTITUTE("/" & B146&REPT(" ",6),"/",REPT(",",255)),2*255,255),",","") -> 08 | Q146: =Q145+7 -> 42735
A147: =EOMONTH(A146,0)+1 -> 44440 | B147: 29/08/2021 - 25/09/2021 | D147: =DATE(H147,I147,G147) -> 44437 | E147: =D148-1 -> 44464 | F147: =ROUND((E147-D147)/7,0) -> 4 | G147: =LEFT(B147,FIND("/",B147)-1) -> 29 | H147: =RIGHT(TRIM(LEFT(B147,FIND("-",B147)-1)),4) -> 2021 | I147: =SUBSTITUTE(MID(SUBSTITUTE("/" & B147&REPT(" ",6),"/",REPT(",",255)),2*255,255),",","") -> 08 | Q147: =Q146+7 -> 42742
A148: =EOMONTH(A147,0)+1 -> 44470 | B148: 26/09/2021 - 30/10/2021 | D148: =DATE(H148,I148,G148) -> 44465 | E148: =D149-1 -> 44499 | F148: =ROUND((E148-D148)/7,0) -> 5 | G148: =LEFT(B148,FIND("/",B148)-1) -> 26 | H148: =RIGHT(TRIM(LEFT(B148,FIND("-",B148)-1)),4) -> 2021 | I148: =SUBSTITUTE(MID(SUBSTITUTE("/" & B148&REPT(" ",6),"/",REPT(",",255)),2*255,255),",","") -> 09 | Q148: =Q147+7 -> 42749
A149: =EOMONTH(A148,0)+1 -> 44501 | B149: 31/10/2021 - 27/11/2021 | D149: =DATE(H149,I149,G149) -> 44500 | E149: =D150-1 -> 44527 | F149: =ROUND((E149-D149)/7,0) -> 4 | G149: =LEFT(B149,FIND("/",B149)-1) -> 31 | H149: =RIGHT(TRIM(LEFT(B149,FIND("-",B149)-1)),4) -> 2021 | I149: =SUBSTITUTE(MID(SUBSTITUTE("/" & B149&REPT(" ",6),"/",REPT(",",255)),2*255,255),",","") -> 10 | Q149: =Q148+7 -> 42756
A150: =EOMONTH(A149,0)+1 -> 44531 | B150: 28/11/2021 - 01/01/2022 | D150: =DATE(H150,I150,G150) -> 44528 | E150: =D151-1 -> 44562 | F150: =ROUND((E150-D150)/7,0) -> 5 | G150: =LEFT(B150,FIND("/",B150)-1) -> 28 | H150: =RIGHT(TRIM(LEFT(B150,FIND("-",B150)-1)),4) -> 2021 | I150: =SUBSTITUTE(MID(SUBSTITUTE("/" & B150&REPT(" ",6),"/",REPT(",",255)),2*255,255),",","") -> 11 | Q150: =Q149+7 -> 42763
A151: =EOMONTH(A150,0)+1 -> 44562 | B151: 02/01/2022 - 05/02/2022 | D151: =DATE(H151,I151,G151) -> 44563 | E151: =D152-1 -> 44597 | F151: =ROUND((E151-D151)/7,0) -> 5 | G151: =LEFT(B151,FIND("/",B151)-1) -> 02 | H151: =RIGHT(TRIM(LEFT(B151,FIND("-",B151)-1)),4) -> 2022 | I151: =SUBSTITUTE(MID(SUBSTITUTE("/" & B151&REPT(" ",6),"/",REPT(",",255)),2*255,255),",","") -> 01 | Q151: =Q150+7 -> 42770
A152: =EOMONTH(A151,0)+1 -> 44593 | B152: 06/02/2022 - 05/03/2022 | D152: =DATE(H152,I152,G152) -> 44598 | E152: =D153-1 -> 44625 | F152: =ROUND((E152-D152)/7,0) -> 4 | G152: =LEFT(B152,FIND("/",B152)-1) -> 06 | H152: =RIGHT(TRIM(LEFT(B152,FIND("-",B152)-1)),4) -> 2022 | I152: =SUBSTITUTE(MID(SUBSTITUTE("/" & B152&REPT(" ",6),"/",REPT(",",255)),2*255,255),",","") -> 02 | Q152: =Q151+7 -> 42777
A153: =EOMONTH(A152,0)+1 -> 44621 | B153: 06/03/2022 - 02/04/2022 | D153: =DATE(H153,I153,G153) -> 44626 | E153: =D154-1 -> 44653 | F153: =ROUND((E153-D153)/7,0) -> 4 | G153: =LEFT(B153,FIND("/",B153)-1) -> 06 | H153: =RIGHT(TRIM(LEFT(B153,FIND("-",B153)-1)),4) -> 2022 | I153: =SUBSTITUTE(MID(SUBSTITUTE("/" & B153&REPT(" ",6),"/",REPT(",",255)),2*255,255),",","") -> 03 | Q153: =Q152+7 -> 42784
A154: =EOMONTH(A153,0)+1 -> 44652 | B154: 03/04/2022 - 07/05/2022 | D154: =DATE(H154,I154,G154) -> 44654 | E154: =D155-1 -> 44688 | F154: =ROUND((E154-D154)/7,0) -> 5 | G154: =LEFT(B154,FIND("/",B154)-1) -> 03 | H154: =RIGHT(TRIM(LEFT(B154,FIND("-",B154)-1)),4) -> 2022 | I154: =SUBSTITUTE(MID(SUBSTITUTE("/" & B154&REPT(" ",6),"/",REPT(",",255)),2*255,255),",","") -> 04 | Q154: =Q153+7 -> 42791
A155: =EOMONTH(A154,0)+1 -> 44682 | B155: 08/05/2022 - 04/06/2022 | D155: =DATE(H155,I155,G155) -> 44689 | E155: 44716 | F155: =ROUND((E155-D155)/7,0) -> 4 | G155: =LEFT(B155,FIND("/",B155)-1) -> 08 | H155: =RIGHT(TRIM(LEFT(B155,FIND("-",B155)-1)),4) -> 2022 | I155: =SUBSTITUTE(MID(SUBSTITUTE("/" & B155&REPT(" ",6),"/",REPT(",",255)),2*255,255),",","") -> 05 | Q155: =Q154+7 -> 42798
A156: =EOMONTH(A155,0)+1 -> 44713 | B156: 44717 | C156: 44744 | D156: =B156 -> 44717 | E156: =C156 -> 44744 | F156: =ROUND((E156-D156)/7,0) -> 4 | G156: =DAY(D156) -> 5 | H156: =YEAR(D156) -> 2022 | I156: =MONTH(B156) -> 6 | Q156: =Q155+7 -> 42805
A157: =EOMONTH(A156,0)+1 -> 44743 | B157: 44745 | C157: 44779 | D157: =B157 -> 44745 | E157: =C157 -> 44779 | F157: =ROUND((E157-D157)/7,0) -> 5 | G157: =DAY(D157) -> 3 | H157: =YEAR(D157) -> 2022 | I157: =MONTH(C157) -> 8 | Q157: =Q156+7 -> 42812
A158: =EOMONTH(A157,0)+1 -> 44774 | B158: 44780 | C158: 44807 | D158: =B158 -> 44780 | E158: =C158 -> 44807 | F158: =ROUND((E158-D158)/7,0) -> 4 | G158: =DAY(D158) -> 7 | H158: =YEAR(D158) -> 2022 | I158: =MONTH(C158) -> 9 | Q158: =Q157+7 -> 42819
A159: =EOMONTH(A158,0)+1 -> 44805 | B159: 44808 | C159: 44835 | D159: =B159 -> 44808 | E159: =C159 -> 44835 | F159: =ROUND((E159-D159)/7,0) -> 4 | G159: =DAY(D159) -> 4 | H159: =YEAR(D159) -> 2022 | I159: =MONTH(C159) -> 10 | Q159: =Q158+7 -> 42826
A160: =EOMONTH(A159,0)+1 -> 44835 | B160: 44836 | C160: 44870 | D160: =B160 -> 44836 | E160: =C160 -> 44870 | F160: =ROUND((E160-D160)/7,0) -> 5 | G160: =DAY(D160) -> 2 | H160: =YEAR(D160) -> 2022 | I160: =MONTH(C160) -> 11 | Q160: =Q159+7 -> 42833
A161: =EOMONTH(A160,0)+1 -> 44866 | B161: 44871 | C161: 44898 | D161: =B161 -> 44871 | E161: =C161 -> 44898 | F161: =ROUND((E161-D161)/7,0) -> 4 | G161: =DAY(D161) -> 6 | H161: =YEAR(D161) -> 2022 | I161: =MONTH(C161) -> 12 | Q161: =Q160+7 -> 42840
A162: =EOMONTH(A161,0)+1 -> 44896 | B162: 44899 | C162: 44926 | D162: =B162 -> 44899 | E162: =C162 -> 44926 | F162: =ROUND((E162-D162)/7,0) -> 4 | G162: =DAY(D162) -> 4 | H162: =YEAR(D162) -> 2022 | I162: =MONTH(C162) -> 12 | Q162: =Q161+7 -> 42847
A163: =EOMONTH(A162,0)+1 -> 44927 | B163: 44927 | C163: 44961 | D163: =B163 -> 44927 | E163: =C163 -> 44961 | F163: 5 | G163: =DAY(D163) -> 1 | H163: =YEAR(D163) -> 2023 | I163: =MONTH(C163) -> 2 | Q163: =Q162+7 -> 42854
A164: =EOMONTH(A163,0)+1 -> 44958 | B164: 44962 | C164: 44989 | D164: =B164 -> 44962 | E164: =C164 -> 44989 | F164: 4 | G164: =DAY(D164) -> 5 | H164: =YEAR(D164) -> 2023 | I164: =MONTH(C164) -> 3 | Q164: =Q163+7 -> 42861
A165: =EOMONTH(A164,0)+1 -> 44986 | B165: 44990 | C165: 45017 | D165: =B165 -> 44990 | E165: =C165 -> 45017 | F165: 4 | G165: =DAY(D165) -> 5 | H165: =YEAR(D165) -> 2023 | I165: =MONTH(C165) -> 4 | Q165: =Q164+7 -> 42868
A166: =EOMONTH(A165,0)+1 -> 45017 | B166: 45018 | C166: 45052 | D166: =B166 -> 45018 | E166: =C166 -> 45052 | F166: 5 | G166: =DAY(D166) -> 2 | H166: =YEAR(D166) -> 2023 | I166: =MONTH(C166) -> 5 | Q166: =Q165+7 -> 42875
A167: =EOMONTH(A166,0)+1 -> 45047 | B167: 45053 | C167: 45080 | D167: =B167 -> 45053 | E167: =C167 -> 45080 | F167: 4 | G167: =DAY(D167) -> 7 | H167: =YEAR(D167) -> 2023 | I167: =MONTH(C167) -> 6 | Q167: =Q166+7 -> 42882
A168: =EOMONTH(A167,0)+1 -> 45078 | B168: 45081 | C168: 45108 | D168: =B168 -> 45081 | E168: =C168 -> 45108 | F168: 4 | G168: =DAY(D168) -> 4 | H168: =YEAR(D168) -> 2023 | I168: =MONTH(C168) -> 7 | Q168: =Q167+7 -> 42889
A169: =EOMONTH(A168,0)+1 -> 45108 | B169: 45109 | C169: 45143 | D169: =B169 -> 45109 | E169: =C169 -> 45143 | F169: 5 | G169: =DAY(D169) -> 2 | H169: =YEAR(D169) -> 2023 | I169: =MONTH(C169) -> 8 | Q169: =Q168+7 -> 42896
A170: =EOMONTH(A169,0)+1 -> 45139 | B170: 45144 | C170: 45171 | D170: =B170 -> 45144 | E170: =C170 -> 45171 | F170: 4 | G170: =DAY(D170) -> 6 | H170: =YEAR(D170) -> 2023 | I170: =MONTH(C170) -> 9 | Q170: =Q169+7 -> 42903
A171: =EOMONTH(A170,0)+1 -> 45170 | B171: 45172 | C171: 45199 | D171: =B171 -> 45172 | E171: =C171 -> 45199 | F171: 4 | G171: =DAY(D171) -> 3 | H171: =YEAR(D171) -> 2023 | I171: =MONTH(C171) -> 9 | Q171: =Q170+7 -> 42910
A172: =EOMONTH(A171,0)+1 -> 45200 | B172: 45200 | C172: 45234 | D172: =B172 -> 45200 | E172: =C172 -> 45234 | F172: 5 | G172: =DAY(D172) -> 1 | H172: =YEAR(D172) -> 2023 | I172: =MONTH(C172) -> 11 | Q172: =Q171+7 -> 42917
A173: =EOMONTH(A172,0)+1 -> 45231 | B173: 45235 | C173: 45262 | D173: =B173 -> 45235 | E173: =C173 -> 45262 | F173: 4 | G173: =DAY(D173) -> 5 | H173: =YEAR(D173) -> 2023 | I173: =MONTH(C173) -> 12 | Q173: =Q172+7 -> 42924
A174: =EOMONTH(A173,0)+1 -> 45261 | B174: 45263 | C174: 45290 | D174: =B174 -> 45263 | E174: =C174 -> 45290 | F174: 4 | G174: =DAY(D174) -> 3 | H174: =YEAR(D174) -> 2023 | I174: =MONTH(C174) -> 12 | Q174: =Q173+7 -> 42931
A175: =EOMONTH(A174,0)+1 -> 45292 | B175: 45291 | C175: 45325 | D175: =B175 -> 45291 | E175: =C175 -> 45325 | F175: 5 | G175: =DAY(D175) -> 31 | H175: =YEAR(E175) -> 2024 | I175: =MONTH(C175) -> 2 | Q175: =Q174+7 -> 42938
A176: =EOMONTH(A175,0)+1 -> 45323 | B176: 45326 | C176: 45353 | D176: =B176 -> 45326 | E176: =C176 -> 45353 | F176: 4 | G176: =DAY(D176) -> 4 | H176: =YEAR(D176) -> 2024 | I176: =MONTH(C176) -> 3 | Q176: =Q175+7 -> 42945
A177: =EOMONTH(A176,0)+1 -> 45352 | B177: 45354 | C177: 45381 | D177: =B177 -> 45354 | E177: =C177 -> 45381 | F177: 4 | G177: =DAY(D177) -> 3 | H177: =YEAR(D177) -> 2024 | I177: =MONTH(C177) -> 3 | Q177: =Q176+7 -> 42952
A178: =EOMONTH(A177,0)+1 -> 45383 | B178: 45382 | C178: 45416 | D178: =B178 -> 45382 | E178: =C178 -> 45416 | F178: 5 | G178: =DAY(D178) -> 31 | H178: =YEAR(D178) -> 2024 | I178: =MONTH(C178) -> 5 | Q178: =Q177+7 -> 42959
A179: =EOMONTH(A178,0)+1 -> 45413 | B179: 45417 | C179: 45444 | D179: =B179 -> 45417 | E179: =C179 -> 45444 | F179: 4 | G179: =DAY(D179) -> 5 | H179: =YEAR(D179) -> 2024 | I179: =MONTH(C179) -> 6 | Q179: =Q178+7 -> 42966
A180: =EOMONTH(A179,0)+1 -> 45444 | B180: 45445 | C180: 45472 | D180: =B180 -> 45445 | E180: =C180 -> 45472 | F180: 4 | G180: =DAY(D180) -> 2 | H180: =YEAR(D180) -> 2024 | I180: =MONTH(C180) -> 6 | Q180: =Q179+7 -> 42973
A181: =EOMONTH(A180,0)+1 -> 45474 | B181: 45473 | C181: 45507 | D181: =B181 -> 45473 | E181: =C181 -> 45507 | F181: 5 | G181: =DAY(D181) -> 30 | H181: =YEAR(D181) -> 2024 | I181: =MONTH(C181) -> 8 | Q181: =Q180+7 -> 42980
A182: =EOMONTH(A181,0)+1 -> 45505 | B182: 45508 | C182: 45535 | D182: =B182 -> 45508 | E182: =C182 -> 45535 | F182: 4 | G182: =DAY(D182) -> 4 | H182: =YEAR(D182) -> 2024 | I182: =MONTH(C182) -> 8 | Q182: =Q181+7 -> 42987
A183: =EOMONTH(A182,0)+1 -> 45536 | B183: 45536 | C183: 45563 | D183: =B183 -> 45536 | E183: =C183 -> 45563 | F183: 4 | G183: =DAY(D183) -> 1 | H183: =YEAR(D183) -> 2024 | I183: =MONTH(C183) -> 9 | Q183: =Q182+7 -> 42994
A184: =EOMONTH(A183,0)+1 -> 45566 | B184: 45564 | C184: 45598 | D184: =B184 -> 45564 | E184: =C184 -> 45598 | F184: 5 | G184: =DAY(D184) -> 29 | H184: =YEAR(D184) -> 2024 | I184: =MONTH(C184) -> 11 | Q184: =Q183+7 -> 43001
A185: =EOMONTH(A184,0)+1 -> 45597 | B185: 45599 | C185: 45626 | D185: =B185 -> 45599 | E185: =C185 -> 45626 | F185: 4 | G185: =DAY(D185) -> 3 | H185: =YEAR(D185) -> 2024 | I185: =MONTH(C185) -> 11 | Q185: =Q184+7 -> 43008
A186: =EOMONTH(A185,0)+1 -> 45627 | B186: 45627 | C186: 45654 | D186: =B186 -> 45627 | E186: =C186 -> 45654 | F186: 4 | G186: =DAY(D186) -> 1 | H186: =YEAR(D186) -> 2024 | I186: =MONTH(C186) -> 12 | Q186: =Q185+7 -> 43015
A187: =EOMONTH(A186,0)+1 -> 45658 | B187: 45655 | C187: 45689 | D187: =B187 -> 45655 | E187: =C187 -> 45689 | F187: =F175 -> 5 | G187: =DAY(D187) -> 29 | H187: =YEAR(D187) -> 2024 | I187: =MONTH(C187) -> 2 | Q187: =Q186+7 -> 43022
A188: =EOMONTH(A187,0)+1 -> 45689 | B188: 45690 | C188: 45717 | D188: =B188 -> 45690 | E188: =C188 -> 45717 | F188: =F176 -> 4 | G188: =DAY(D188) -> 2 | H188: =YEAR(D188) -> 2025 | I188: =MONTH(C188) -> 3 | Q188: =Q187+7 -> 43029
A189: =EOMONTH(A188,0)+1 -> 45717 | B189: 45718 | C189: 45745 | D189: =B189 -> 45718 | E189: =C189 -> 45745 | F189: =F177 -> 4 | G189: =DAY(D189) -> 2 | H189: =YEAR(D189) -> 2025 | I189: =MONTH(C189) -> 3 | Q189: =Q188+7 -> 43036
A190: =EOMONTH(A189,0)+1 -> 45748 | B190: 45746 | C190: 45780 | D190: =B190 -> 45746 | E190: =C190 -> 45780 | F190: =F178 -> 5 | G190: =DAY(D190) -> 30 | H190: =YEAR(D190) -> 2025 | I190: =MONTH(C190) -> 5 | Q190: =Q189+7 -> 43043
A191: =EOMONTH(A190,0)+1 -> 45778 | B191: 45781 | C191: 45808 | D191: =B191 -> 45781 | E191: =C191 -> 45808 | F191: =F179 -> 4 | G191: =DAY(D191) -> 4 | H191: =YEAR(D191) -> 2025 | I191: =MONTH(C191) -> 5 | Q191: =Q190+7 -> 43050
A192: =EOMONTH(A191,0)+1 -> 45809 | B192: 45809 | C192: 45836 | D192: =B192 -> 45809 | E192: =C192 -> 45836 | F192: =F180 -> 4 | G192: =DAY(D192) -> 1 | H192: =YEAR(D192) -> 2025 | I192: =MONTH(C192) -> 6 | Q192: =Q191+7 -> 43057
A193: =EOMONTH(A192,0)+1 -> 45839 | B193: 45837 | C193: 45871 | D193: =B193 -> 45837 | E193: =C193 -> 45871 | F193: =F181 -> 5 | G193: =DAY(D193) -> 29 | H193: =YEAR(D193) -> 2025 | I193: =MONTH(C193) -> 8 | Q193: =Q192+7 -> 43064
A194: =EOMONTH(A193,0)+1 -> 45870 | B194: 45872 | C194: 45899 | D194: =B194 -> 45872 | E194: =C194 -> 45899 | F194: =F182 -> 4 | G194: =DAY(D194) -> 3 | H194: =YEAR(D194) -> 2025 | I194: =MONTH(C194) -> 8 | Q194: =Q193+7 -> 43071
A195: =EOMONTH(A194,0)+1 -> 45901 | B195: 45900 | C195: 45927 | D195: =B195 -> 45900 | E195: =C195 -> 45927 | F195: =F183 -> 4 | G195: =DAY(D195) -> 31 | H195: =YEAR(D195) -> 2025 | I195: =MONTH(C195) -> 9 | Q195: =Q194+7 -> 43078
A196: =EOMONTH(A195,0)+1 -> 45931 | B196: 45928 | C196: 45962 | D196: =B196 -> 45928 | E196: =C196 -> 45962 | F196: =F184 -> 5 | G196: =DAY(D196) -> 28 | H196: =YEAR(D196) -> 2025 | I196: =MONTH(C196) -> 11 | Q196: =Q195+7 -> 43085
A197: =EOMONTH(A196,0)+1 -> 45962 | B197: 45963 | C197: 45990 | D197: =B197 -> 45963 | E197: =C197 -> 45990 | F197: =F185 -> 4 | G197: =DAY(D197) -> 2 | H197: =YEAR(D197) -> 2025 | I197: =MONTH(C197) -> 11 | Q197: =Q196+7 -> 43092
A198: =EOMONTH(A197,0)+1 -> 45992 | B198: 45991 | C198: 46018 | D198: =B198 -> 45991 | E198: =C198 -> 46018 | F198: =F186 -> 4 | G198: =DAY(D198) -> 30 | H198: =YEAR(D198) -> 2025 | I198: =MONTH(C198) -> 12 | Q198: =Q197+7 -> 43099
...

Sheet Weekly
A2: Weekly deadweight pig prices, EU spec carcase weight and probe
A3: Source: AHDB, EU Commission
A4: Units: Pence per kg, kg, head, mm
A5: Last updated: | C5: =(data_wkly!M1) -> 46234
B7: From | D7: 41734 | E7: <--- Click on cell to select
B8: To | D8: =data_wkly!F1 -> 46228 | E8: <--- Click on cell to select
C10: GB Standard Pig price (SPP) | M10: GB All Pig price (APP) | W10: EU Grade E pig price | AA10: EU Grade S pig price | AF10: GB Deadweight Average Pig price (DAPP) - 2007 to 2014
B11: Week ending | C11: Throughput | D11: EU spec | G11: UK spec | J11: Carcase | M11: Throughput | N11: EU spec | Q11: UK spec | T11: Carcase | W11: EU28 | Y11: (excl. UK) pig price | AA11: EU28 | AC11: (excl. UK) pig price | AF11: EU spec | AI11: UK spec | AL11: Carcase
A12: =SUM(A13:A1276) -> 964 | D12: Price | E12: Change on week | F12: 3 year average | G12: Price | H12: Change on week | I12: 3 year average | J12: Weight (EU) | K12: Probe | N12: Price | O12: Change on week | P12: 3 year average | Q12: Price | R12: Change on week | S12: 3 year average | T12: Weight (EU) | U12: Probe | W12: Price | X12: Change on week | Y12: Price | Z12: Change on week | AA12: Price | AB12: Change on week | AC12: Price | AD12: Change on week | AF12: Price | AG12: Change on week | AH12: 3 year average | AI12: Price | AJ12: Change on week | AK12: 3 year average | AL12: Weight (EU) | AM12: Probe | AN12: =SUM(AN13:AN1276) -> 39
A13: =IF(C13="","",AO13) -> 1 | B13: =D7 -> 41734 | C13: =IFERROR(IF(INDEX(data_wkly!D:D,MATCH($B13,data_wkly!$C:$C,0),1)=0,"",INDEX(data_wkly!D:D,MATCH($B13,data_wkly!$C:$C,0),1)),"") -> 84243 | D13: =IFERROR(IF(INDEX(data_wkly!E:E,MATCH($B13,data_wkly!$C:$C,0),1)=0,"",INDEX(data_wkly!E:E,MATCH($B13,data_wkly!$C:$C,0),1)),"") -> 162.93 | E13: =IF(C13="","",IFERROR(INDEX(data_wkly!F:F,MATCH($B13,data_wkly!$C:$C,0),1),"")) -> na | F13: =IF(E13="","",IFERROR(IF(INDEX(data_wkly!G:G,MATCH($B13,data_wkly!$C:$C,0),1)=0,"",INDEX(data_wkly!G:G,MATCH($B13,data_wkly!$C:$C,0),1)),"")) | G13: =IFERROR(IF(INDEX(data_wkly!H:H,MATCH($B13,data_wkly!$C:$C,0),1)=0,"",INDEX(data_wkly!H:H,MATCH($B13,data_wkly!$C:$C,0),1)),"") -> 159.99 | H13: =IF(C13="","",IFERROR(INDEX(data_wkly!I:I,MATCH($B13,data_wkly!$C:$C,0),1),"")) -> na | I13: =IF(H13="","",IFERROR(IF(INDEX(data_wkly!J:J,MATCH($B13,data_wkly!$C:$C,0),1)=0,"",INDEX(data_wkly!J:J,MATCH($B13,data_wkly!$C:$C,0),1)),"")) | J13: =IFERROR(IF(INDEX(data_wkly!K:K,MATCH($B13,data_wkly!$C:$C,0),1)=0,"",INDEX(data_wkly!K:K,MATCH($B13,data_wkly!$C:$C,0),1)),"") -> 81.15 | K13: =IFERROR(IF(INDEX(data_wkly!L:L,MATCH($B13,data_wkly!$C:$C,0),1)=0,"",INDEX(data_wkly!L:L,MATCH($B13,data_wkly!$C:$C,0),1)),"") -> 11.1 | M13: =IFERROR(IF(INDEX(data_wkly!M:M,MATCH($B13,data_wkly!$C:$C,0),1)=0,"",INDEX(data_wkly!M:M,MATCH($B13,data_wkly!$C:$C,0),1)),"") -> 69305 | N13: =IFERROR(IF(INDEX(data_wkly!N:N,MATCH($B13,data_wkly!$C:$C,0),1)=0,"",INDEX(data_wkly!N:N,MATCH($B13,data_wkly!$C:$C,0),1)),"") -> 164.94 | O13: =IF(M13="","",IFERROR(INDEX(data_wkly!O:O,MATCH($B13,data_wkly!$C:$C,0),1),"")) -> na | P13: =IF(M13="","",IFERROR(IF(INDEX(data_wkly!P:P,MATCH($B13,data_wkly!$C:$C,0),1)=0,"",INDEX(data_wkly!P:P,MATCH($B13,data_wkly!$C:$C,0),1)),"")) | Q13: =IFERROR(IF(INDEX(data_wkly!Q:Q,MATCH($B13,data_wkly!$C:$C,0),1)=0,"",INDEX(data_wkly!Q:Q,MATCH($B13,data_wkly!$C:$C,0),1)),"") -> 161.98 | R13: =IF(M13="","",IFERROR(INDEX(data_wkly!R:R,MATCH($B13,data_wkly!$C:$C,0),1),"")) -> na | S13: =IF(M13="","",IFERROR(IF(INDEX(data_wkly!S:S,MATCH($B13,data_wkly!$C:$C,0),1)=0,"",INDEX(data_wkly!S:S,MATCH($B13,data_wkly!$C:$C,0),1)),"")) | T13: =IFERROR(IF(INDEX(data_wkly!T:T,MATCH($B13,data_wkly!$C:$C,0),1)=0,"",INDEX(data_wkly!T:T,MATCH($B13,data_wkly!$C:$C,0),1)),"") -> 80.54 | U13: =IFERROR(IF(INDEX(data_wkly!U:U,MATCH($B13,data_wkly!$C:$C,0),1)=0,"",INDEX(data_wkly!U:U,MATCH($B13,data_wkly!$C:$C,0),1)),"") -> 11.1 | V13: =IF(M13="","",AO13) -> 1 | W13: =IFERROR(IF(INDEX(data_wkly!W:W,MATCH($B13,data_wkly!$C:$C,0),1)=0,"",INDEX(data_wkly!W:W,MATCH($B13,data_wkly!$C:$C,0),1)),"") -> 131.8234 | X13: =IFERROR(IF(INDEX(data_wkly!X:X,MATCH($B13,data_wkly!$C:$C,0),1)=0,"",INDEX(data_wkly!X:X,MATCH($B13,data_wkly!$C:$C,0),1)),"") -> na | Y13: =IFERROR(IF(INDEX(data_wkly!Y:Y,MATCH($B13,data_wkly!$C:$C,0),1)=0,"",INDEX(data_wkly!Y:Y,MATCH($B13,data_wkly!$C:$C,0),1)),"") -> 132.38531 | Z13: =IFERROR(IF(INDEX(data_wkly!Z:Z,MATCH($B13,data_wkly!$C:$C,0),1)=0,"",INDEX(data_wkly!Z:Z,MATCH($B13,data_wkly!$C:$C,0),1)),"") -> na | AA13: =IFERROR(IF(INDEX(data_wkly!AA:AA,MATCH($B13,data_wkly!$C:$C,0),1)=0,"",INDEX(data_wkly!AA:AA,MATCH($B13,data_wkly!$C:$C,0),1)),"") -> 134.11 | AB13: =IFERROR(IF(INDEX(data_wkly!AB:AB,MATCH($B13,data_wkly!$C:$C,0),1)=0,"",INDEX(data_wkly!AB:AB,MATCH($B13,data_wkly!$C:$C,0),1)),"") -> 0.43 | AC13: =IFERROR(IF(INDEX(data_wkly!AC:AC,MATCH($B13,data_wkly!$C:$C,0),1)=0,"",INDEX(data_wkly!AC:AC,MATCH($B13,data_wkly!$C:$C,0),1)),"") -> 133.1 | AD13: =IFERROR(IF(INDEX(data_wkly!AD:AD,MATCH($B13,data_wkly!$C:$C,0),1)=0,"",INDEX(data_wkly!AD:AD,MATCH($B13,data_wkly!$C:$C,0),1)),"") -> 0.78 | AE13: =IF(W13="","",AO13) -> 1 | AF13: =IFERROR(IF(INDEX(data_wkly!AF:AF,MATCH($B13,data_wkly!$C:$C,0),1)=0,"",INDEX(data_wkly!AF:AF,MATCH($B13,data_wkly!$C:$C,0),1)),"") -> 163.07 | AG13: =IFERROR(IF(AF13="","",INDEX(data_wkly!AG:AG,MATCH($B13,data_wkly!$C:$C,0),1)),"") -> 0.23 | AH13: =IFERROR(IF(INDEX(data_wkly!AH:AH,MATCH($B13,data_wkly!$C:$C,0),1)=0,"",INDEX(data_wkly!AH:AH,MATCH($B13,data_wkly!$C:$C,0),1)),"") -> 146.89667 | AI13: =IFERROR(IF(INDEX(data_wkly!AI:AI,MATCH($B13,data_wkly!$C:$C,0),1)=0,"",INDEX(data_wkly!AI:AI,MATCH($B13,data_wkly!$C:$C,0),1)),"") -> 160.12 | AJ13: =IFERROR(IF(AI13="","",INDEX(data_wkly!AJ:AJ,MATCH($B13,data_wkly!$C:$C,0),1)),"") -> 0.22 | AK13: =IFERROR(IF(INDEX(data_wkly!AK:AK,MATCH($B13,data_wkly!$C:$C,0),1)=0,"",INDEX(data_wkly!AK:AK,MATCH($B13,data_wkly!$C:$C,0),1)),"") -> 144.25333 | AL13: =IFERROR(IF(INDEX(data_wkly!AL:AL,MATCH($B13,data_wkly!$C:$C,0),1)=0,"",INDEX(data_wkly!AL:AL,MATCH($B13,data_wkly!$C:$C,0),1)),"") -> 80.35 | AM13: =IFERROR(IF(INDEX(data_wkly!AM:AM,MATCH($B13,data_wkly!$C:$C,0),1)=0,"",INDEX(data_wkly!AM:AM,MATCH($B13,data_wkly!$C:$C,0),1)),"") -> 11.1 | AN13: =IF(AF13="","",AO13) -> 1 | AO13: 1
A14: =IF(C14="","",AO14) -> 2 | B14: =IFERROR(IF(B13+7<=$D$8,B13+7,""),"") -> 41741 | C14: =IFERROR(IF(INDEX(data_wkly!D:D,MATCH($B14,data_wkly!$C:$C,0),1)=0,"",INDEX(data_wkly!D:D,MATCH($B14,data_wkly!$C:$C,0),1)),"") -> 84107 | D14: =IFERROR(IF(INDEX(data_wkly!E:E,MATCH($B14,data_wkly!$C:$C,0),1)=0,"",INDEX(data_wkly!E:E,MATCH($B14,data_wkly!$C:$C,0),1)),"") -> 163.17 | E14: =IF(C14="","",IFERROR(INDEX(data_wkly!F:F,MATCH($B14,data_wkly!$C:$C,0),1),"")) -> 0.24 | F14: =IF(E14="","",IFERROR(IF(INDEX(data_wkly!G:G,MATCH($B14,data_wkly!$C:$C,0),1)=0,"",INDEX(data_wkly!G:G,MATCH($B14,data_wkly!$C:$C,0),1)),"")) | G14: =IFERROR(IF(INDEX(data_wkly!H:H,MATCH($B14,data_wkly!$C:$C,0),1)=0,"",INDEX(data_wkly!H:H,MATCH($B14,data_wkly!$C:$C,0),1)),"") -> 160.22 | H14: =IF(C14="","",IFERROR(INDEX(data_wkly!I:I,MATCH($B14,data_wkly!$C:$C,0),1),"")) -> 0.23 | I14: =IF(H14="","",IFERROR(IF(INDEX(data_wkly!J:J,MATCH($B14,data_wkly!$C:$C,0),1)=0,"",INDEX(data_wkly!J:J,MATCH($B14,data_wkly!$C:$C,0),1)),"")) | J14: =IFERROR(IF(INDEX(data_wkly!K:K,MATCH($B14,data_wkly!$C:$C,0),1)=0,"",INDEX(data_wkly!K:K,MATCH($B14,data_wkly!$C:$C,0),1)),"") -> 81.06 | K14: =IFERROR(IF(INDEX(data_wkly!L:L,MATCH($B14,data_wkly!$C:$C,0),1)=0,"",INDEX(data_wkly!L:L,MATCH($B14,data_wkly!$C:$C,0),1)),"") -> 11 | M14: =IFERROR(IF(INDEX(data_wkly!M:M,MATCH($B14,data_wkly!$C:$C,0),1)=0,"",INDEX(data_wkly!M:M,MATCH($B14,data_wkly!$C:$C,0),1)),"") -> 73548 | N14: =IFERROR(IF(INDEX(data_wkly!N:N,MATCH($B14,data_wkly!$C:$C,0),1)=0,"",INDEX(data_wkly!N:N,MATCH($B14,data_wkly!$C:$C,0),1)),"") -> 165.07 | O14: =IF(M14="","",IFERROR(INDEX(data_wkly!O:O,MATCH($B14,data_wkly!$C:$C,0),1),"")) -> 0.13 | P14: =IF(M14="","",IFERROR(IF(INDEX(data_wkly!P:P,MATCH($B14,data_wkly!$C:$C,0),1)=0,"",INDEX(data_wkly!P:P,MATCH($B14,data_wkly!$C:$C,0),1)),"")) | Q14: =IFERROR(IF(INDEX(data_wkly!Q:Q,MATCH($B14,data_wkly!$C:$C,0),1)=0,"",INDEX(data_wkly!Q:Q,MATCH($B14,data_wkly!$C:$C,0),1)),"") -> 162.09 | R14: =IF(M14="","",IFERROR(INDEX(data_wkly!R:R,MATCH($B14,data_wkly!$C:$C,0),1),"")) -> 0.11 | S14: =IF(M14="","",IFERROR(IF(INDEX(data_wkly!S:S,MATCH($B14,data_wkly!$C:$C,0),1)=0,"",INDEX(data_wkly!S:S,MATCH($B14,data_wkly!$C:$C,0),1)),"")) | T14: =IFERROR(IF(INDEX(data_wkly!T:T,MATCH($B14,data_wkly!$C:$C,0),1)=0,"",INDEX(data_wkly!T:T,MATCH($B14,data_wkly!$C:$C,0),1)),"") -> 80.57 | U14: =IFERROR(IF(INDEX(data_wkly!U:U,MATCH($B14,data_wkly!$C:$C,0),1)=0,"",INDEX(data_wkly!U:U,MATCH($B14,data_wkly!$C:$C,0),1)),"") -> 11.1 | V14: =IF(M14="","",AO14) -> 2 | W14: =IFERROR(IF(INDEX(data_wkly!W:W,MATCH($B14,data_wkly!$C:$C,0),1)=0,"",INDEX(data_wkly!W:W,MATCH($B14,data_wkly!$C:$C,0),1)),"") -> 133.4518 | X14: =IFERROR(IF(INDEX(data_wkly!X:X,MATCH($B14,data_wkly!$C:$C,0),1)=0,"",INDEX(data_wkly!X:X,MATCH($B14,data_wkly!$C:$C,0),1)),"") -> 1.6284456 | Y14: =IFERROR(IF(INDEX(data_wkly!Y:Y,MATCH($B14,data_wkly!$C:$C,0),1)=0,"",INDEX(data_wkly!Y:Y,MATCH($B14,data_wkly!$C:$C,0),1)),"") -> 134.02 | Z14: =IFERROR(IF(INDEX(data_wkly!Z:Z,MATCH($B14,data_wkly!$C:$C,0),1)=0,"",INDEX(data_wkly!Z:Z,MATCH($B14,data_wkly!$C:$C,0),1)),"") -> 1.6346919 | AA14: =IFERROR(IF(INDEX(data_wkly!AA:AA,MATCH($B14,data_wkly!$C:$C,0),1)=0,"",INDEX(data_wkly!AA:AA,MATCH($B14,data_wkly!$C:$C,0),1)),"") -> 136.46 | AB14: =IFERROR(IF(INDEX(data_wkly!AB:AB,MATCH($B14,data_wkly!$C:$C,0),1)=0,"",INDEX(data_wkly!AB:AB,MATCH($B14,data_wkly!$C:$C,0),1)),"") -> 2.35 | AC14: =IFERROR(IF(INDEX(data_wkly!AC:AC,MATCH($B14,data_wkly!$C:$C,0),1)=0,"",INDEX(data_wkly!AC:AC,MATCH($B14,data_wkly!$C:$C,0),1)),"") -> 135.79 | AD14: =IFERROR(IF(INDEX(data_wkly!AD:AD,MATCH($B14,data_wkly!$C:$C,0),1)=0,"",INDEX(data_wkly!AD:AD,MATCH($B14,data_wkly!$C:$C,0),1)),"") -> 2.69 | AE14: =IF(W14="","",AO14) -> 2 | AF14: =IFERROR(IF(INDEX(data_wkly!AF:AF,MATCH($B14,data_wkly!$C:$C,0),1)=0,"",INDEX(data_wkly!AF:AF,MATCH($B14,data_wkly!$C:$C,0),1)),"") -> 163.28 | AG14: =IFERROR(IF(AF14="","",INDEX(data_wkly!AG:AG,MATCH($B14,data_wkly!$C:$C,0),1)),"") -> 0.21 | AH14: =IFERROR(IF(INDEX(data_wkly!AH:AH,MATCH($B14,data_wkly!$C:$C,0),1)=0,"",INDEX(data_wkly!AH:AH,MATCH($B14,data_wkly!$C:$C,0),1)),"") -> 147.76 | AI14: =IFERROR(IF(INDEX(data_wkly!AI:AI,MATCH($B14,data_wkly!$C:$C,0),1)=0,"",INDEX(data_wkly!AI:AI,MATCH($B14,data_wkly!$C:$C,0),1)),"") -> 160.33 | AJ14: =IFERROR(IF(AI14="","",INDEX(data_wkly!AJ:AJ,MATCH($B14,data_wkly!$C:$C,0),1)),"") -> 0.21 | AK14: =IFERROR(IF(INDEX(data_wkly!AK:AK,MATCH($B14,data_wkly!$C:$C,0),1)=0,"",INDEX(data_wkly!AK:AK,MATCH($B14,data_wkly!$C:$C,0),1)),"") -> 145 | AL14: =IFERROR(IF(INDEX(data_wkly!AL:AL,MATCH($B14,data_wkly!$C:$C,0),1)=0,"",INDEX(data_wkly!AL:AL,MATCH($B14,data_wkly!$C:$C,0),1)),"") -> 80.31 | AM14: =IFERROR(IF(INDEX(data_wkly!AM:AM,MATCH($B14,data_wkly!$C:$C,0),1)=0,"",INDEX(data_wkly!AM:AM,MATCH($B14,data_wkly!$C:$C,0),1)),"") -> 10.9 | AN14: =IF(AF14="","",AO14) -> 2 | AO14: 2
A15: =IF(C15="","",AO15) -> 1 | B15: =IFERROR(IF(B14+7<=$D$8,B14+7,""),"") -> 41748 | C15: =IFERROR(IF(INDEX(data_wkly!D:D,MATCH($B15,data_wkly!$C:$C,0),1)=0,"",INDEX(data_wkly!D:D,MATCH($B15,data_wkly!$C:$C,0),1)),"") -> 79999 | D15: =IFERROR(IF(INDEX(data_wkly!E:E,MATCH($B15,data_wkly!$C:$C,0),1)=0,"",INDEX(data_wkly!E:E,MATCH($B15,data_wkly!$C:$C,0),1)),"") -> 163.28 | E15: =IF(C15="","",IFERROR(INDEX(data_wkly!F:F,MATCH($B15,data_wkly!$C:$C,0),1),"")) -> 0.11 | F15: =IF(E15="","",IFERROR(IF(INDEX(data_wkly!G:G,MATCH($B15,data_wkly!$C:$C,0),1)=0,"",INDEX(data_wkly!G:G,MATCH($B15,data_wkly!$C:$C,0),1)),"")) | G15: =IFERROR(IF(INDEX(data_wkly!H:H,MATCH($B15,data_wkly!$C:$C,0),1)=0,"",INDEX(data_wkly!H:H,MATCH($B15,data_wkly!$C:$C,0),1)),"") -> 160.33 | H15: =IF(C15="","",IFERROR(INDEX(data_wkly!I:I,MATCH($B15,data_wkly!$C:$C,0),1),"")) -> 0.11 | I15: =IF(H15="","",IFERROR(IF(INDEX(data_wkly!J:J,MATCH($B15,data_wkly!$C:$C,0),1)=0,"",INDEX(data_wkly!J:J,MATCH($B15,data_wkly!$C:$C,0),1)),"")) | J15: =IFERROR(IF(INDEX(data_wkly!K:K,MATCH($B15,data_wkly!$C:$C,0),1)=0,"",INDEX(data_wkly!K:K,MATCH($B15,data_wkly!$C:$C,0),1)),"") -> 80.8 | K15: =IFERROR(IF(INDEX(data_wkly!L:L,MATCH($B15,data_wkly!$C:$C,0),1)=0,"",INDEX(data_wkly!L:L,MATCH($B15,data_wkly!$C:$C,0),1)),"") -> 11 | M15: =IFERROR(IF(INDEX(data_wkly!M:M,MATCH($B15,data_wkly!$C:$C,0),1)=0,"",INDEX(data_wkly!M:M,MATCH($B15,data_wkly!$C:$C,0),1)),"") -> 68439 | N15: =IFERROR(IF(INDEX(data_wkly!N:N,MATCH($B15,data_wkly!$C:$C,0),1)=0,"",INDEX(data_wkly!N:N,MATCH($B15,data_wkly!$C:$C,0),1)),"") -> 164.89 | O15: =IF(M15="","",IFERROR(INDEX(data_wkly!O:O,MATCH($B15,data_wkly!$C:$C,0),1),"")) -> -0.18 | P15: =IF(M15="","",IFERROR(IF(INDEX(data_wkly!P:P,MATCH($B15,data_wkly!$C:$C,0),1)=0,"",INDEX(data_wkly!P:P,MATCH($B15,data_wkly!$C:$C,0),1)),"")) | Q15: =IFERROR(IF(INDEX(data_wkly!Q:Q,MATCH($B15,data_wkly!$C:$C,0),1)=0,"",INDEX(data_wkly!Q:Q,MATCH($B15,data_wkly!$C:$C,0),1)),"") -> 161.92 | R15: =IF(M15="","",IFERROR(INDEX(data_wkly!R:R,MATCH($B15,data_wkly!$C:$C,0),1),"")) -> -0.17 | S15: =IF(M15="","",IFERROR(IF(INDEX(data_wkly!S:S,MATCH($B15,data_wkly!$C:$C,0),1)=0,"",INDEX(data_wkly!S:S,MATCH($B15,data_wkly!$C:$C,0),1)),"")) | T15: =IFERROR(IF(INDEX(data_wkly!T:T,MATCH($B15,data_wkly!$C:$C,0),1)=0,"",INDEX(data_wkly!T:T,MATCH($B15,data_wkly!$C:$C,0),1)),"") -> 80.28 | U15: =IFERROR(IF(INDEX(data_wkly!U:U,MATCH($B15,data_wkly!$C:$C,0),1)=0,"",INDEX(data_wkly!U:U,MATCH($B15,data_wkly!$C:$C,0),1)),"") -> 11.1 | V15: =IF(M15="","",AO15) -> 1 | W15: =IFERROR(IF(INDEX(data_wkly!W:W,MATCH($B15,data_wkly!$C:$C,0),1)=0,"",INDEX(data_wkly!W:W,MATCH($B15,data_wkly!$C:$C,0),1)),"") -> 134.0944 | X15: =IFERROR(IF(INDEX(data_wkly!X:X,MATCH($B15,data_wkly!$C:$C,0),1)=0,"",INDEX(data_wkly!X:X,MATCH($B15,data_wkly!$C:$C,0),1)),"") -> 0.64251751 | Y15: =IFERROR(IF(INDEX(data_wkly!Y:Y,MATCH($B15,data_wkly!$C:$C,0),1)=0,"",INDEX(data_wkly!Y:Y,MATCH($B15,data_wkly!$C:$C,0),1)),"") -> 134.52 | Z15: =IFERROR(IF(INDEX(data_wkly!Z:Z,MATCH($B15,data_wkly!$C:$C,0),1)=0,"",INDEX(data_wkly!Z:Z,MATCH($B15,data_wkly!$C:$C,0),1)),"") -> 0.5 | AA15: =IFERROR(IF(INDEX(data_wkly!AA:AA,MATCH($B15,data_wkly!$C:$C,0),1)=0,"",INDEX(data_wkly!AA:AA,MATCH($B15,data_wkly!$C:$C,0),1)),"") -> 137.66 | AB15: =IFERROR(IF(INDEX(data_wkly!AB:AB,MATCH($B15,data_wkly!$C:$C,0),1)=0,"",INDEX(data_wkly!AB:AB,MATCH($B15,data_wkly!$C:$C,0),1)),"") -> 1.2 | AC15: =IFERROR(IF(INDEX(data_wkly!AC:AC,MATCH($B15,data_wkly!$C:$C,0),1)=0,"",INDEX(data_wkly!AC:AC,MATCH($B15,data_wkly!$C:$C,0),1)),"") -> 136.7 | AD15: =IFERROR(IF(INDEX(data_wkly!AD:AD,MATCH($B15,data_wkly!$C:$C,0),1)=0,"",INDEX(data_wkly!AD:AD,MATCH($B15,data_wkly!$C:$C,0),1)),"") -> 0.91 | AE15: =IF(W15="","",AO15) -> 1 | AF15: =IFERROR(IF(INDEX(data_wkly!AF:AF,MATCH($B15,data_wkly!$C:$C,0),1)=0,"",INDEX(data_wkly!AF:AF,MATCH($B15,data_wkly!$C:$C,0),1)),"") -> 163.71 | AG15: =IFERROR(IF(AF15="","",INDEX(data_wkly!AG:AG,MATCH($B15,data_wkly!$C:$C,0),1)),"") -> 0.43 | AH15: =IFERROR(IF(INDEX(data_wkly!AH:AH,MATCH($B15,data_wkly!$C:$C,0),1)=0,"",INDEX(data_wkly!AH:AH,MATCH($B15,data_wkly!$C:$C,0),1)),"") -> 149.30667 | AI15: =IFERROR(IF(INDEX(data_wkly!AI:AI,MATCH($B15,data_wkly!$C:$C,0),1)=0,"",INDEX(data_wkly!AI:AI,MATCH($B15,data_wkly!$C:$C,0),1)),"") -> 160.75 | AJ15: =IFERROR(IF(AI15="","",INDEX(data_wkly!AJ:AJ,MATCH($B15,data_wkly!$C:$C,0),1)),"") -> 0.42 | AK15: =IFERROR(IF(INDEX(data_wkly!AK:AK,MATCH($B15,data_wkly!$C:$C,0),1)=0,"",INDEX(data_wkly!AK:AK,MATCH($B15,data_wkly!$C:$C,0),1)),"") -> 146.60667 | AL15: =IFERROR(IF(INDEX(data_wkly!AL:AL,MATCH($B15,data_wkly!$C:$C,0),1)=0,"",INDEX(data_wkly!AL:AL,MATCH($B15,data_wkly!$C:$C,0),1)),"") -> 79.88 | AM15: =IFERROR(IF(INDEX(data_wkly!AM:AM,MATCH($B15,data_wkly!$C:$C,0),1)=0,"",INDEX(data_wkly!AM:AM,MATCH($B15,data_wkly!$C:$C,0),1)),"") -> 10.9 | AN15: =IF(AF15="","",AO15) -> 1 | AO15: =AO13 -> 1
A16: =IF(C16="","",AO16) -> 2 | B16: =IFERROR(IF(B15+7<=$D$8,B15+7,""),"") -> 41755 | C16: =IFERROR(IF(INDEX(data_wkly!D:D,MATCH($B16,data_wkly!$C:$C,0),1)=0,"",INDEX(data_wkly!D:D,MATCH($B16,data_wkly!$C:$C,0),1)),"") -> 80888 | D16: =IFERROR(IF(INDEX(data_wkly!E:E,MATCH($B16,data_wkly!$C:$C,0),1)=0,"",INDEX(data_wkly!E:E,MATCH($B16,data_wkly!$C:$C,0),1)),"") -> 163.21 | E16: =IF(C16="","",IFERROR(INDEX(data_wkly!F:F,MATCH($B16,data_wkly!$C:$C,0),1),"")) -> -0.07 | F16: =IF(E16="","",IFERROR(IF(INDEX(data_wkly!G:G,MATCH($B16,data_wkly!$C:$C,0),1)=0,"",INDEX(data_wkly!G:G,MATCH($B16,data_wkly!$C:$C,0),1)),"")) | G16: =IFERROR(IF(INDEX(data_wkly!H:H,MATCH($B16,data_wkly!$C:$C,0),1)=0,"",INDEX(data_wkly!H:H,MATCH($B16,data_wkly!$C:$C,0),1)),"") -> 160.27 | H16: =IF(C16="","",IFERROR(INDEX(data_wkly!I:I,MATCH($B16,data_wkly!$C:$C,0),1),"")) -> -0.06 | I16: =IF(H16="","",IFERROR(IF(INDEX(data_wkly!J:J,MATCH($B16,data_wkly!$C:$C,0),1)=0,"",INDEX(data_wkly!J:J,MATCH($B16,data_wkly!$C:$C,0),1)),"")) | J16: =IFERROR(IF(INDEX(data_wkly!K:K,MATCH($B16,data_wkly!$C:$C,0),1)=0,"",INDEX(data_wkly!K:K,MATCH($B16,data_wkly!$C:$C,0),1)),"") -> 80.92 | K16: =IFERROR(IF(INDEX(data_wkly!L:L,MATCH($B16,data_wkly!$C:$C,0),1)=0,"",INDEX(data_wkly!L:L,MATCH($B16,data_wkly!$C:$C,0),1)),"") -> 10.9 | M16: =IFERROR(IF(INDEX(data_wkly!M:M,MATCH($B16,data_wkly!$C:$C,0),1)=0,"",INDEX(data_wkly!M:M,MATCH($B16,data_wkly!$C:$C,0),1)),"") -> 67759 | N16: =IFERROR(IF(INDEX(data_wkly!N:N,MATCH($B16,data_wkly!$C:$C,0),1)=0,"",INDEX(data_wkly!N:N,MATCH($B16,data_wkly!$C:$C,0),1)),"") -> 165.57 | O16: =IF(M16="","",IFERROR(INDEX(data_wkly!O:O,MATCH($B16,data_wkly!$C:$C,0),1),"")) -> 0.68 | P16: =IF(M16="","",IFERROR(IF(INDEX(data_wkly!P:P,MATCH($B16,data_wkly!$C:$C,0),1)=0,"",INDEX(data_wkly!P:P,MATCH($B16,data_wkly!$C:$C,0),1)),"")) | Q16: =IFERROR(IF(INDEX(data_wkly!Q:Q,MATCH($B16,data_wkly!$C:$C,0),1)=0,"",INDEX(data_wkly!Q:Q,MATCH($B16,data_wkly!$C:$C,0),1)),"") -> 162.59 | R16: =IF(M16="","",IFERROR(INDEX(data_wkly!R:R,MATCH($B16,data_wkly!$C:$C,0),1),"")) -> 0.67 | S16: =IF(M16="","",IFERROR(IF(INDEX(data_wkly!S:S,MATCH($B16,data_wkly!$C:$C,0),1)=0,"",INDEX(data_wkly!S:S,MATCH($B16,data_wkly!$C:$C,0),1)),"")) | T16: =IFERROR(IF(INDEX(data_wkly!T:T,MATCH($B16,data_wkly!$C:$C,0),1)=0,"",INDEX(data_wkly!T:T,MATCH($B16,data_wkly!$C:$C,0),1)),"") -> 80.34 | U16: =IFERROR(IF(INDEX(data_wkly!U:U,MATCH($B16,data_wkly!$C:$C,0),1)=0,"",INDEX(data_wkly!U:U,MATCH($B16,data_wkly!$C:$C,0),1)),"") -> 11 | V16: =IF(M16="","",AO16) -> 2 | W16: =IFERROR(IF(INDEX(data_wkly!W:W,MATCH($B16,data_wkly!$C:$C,0),1)=0,"",INDEX(data_wkly!W:W,MATCH($B16,data_wkly!$C:$C,0),1)),"") -> 133.2527 | X16: =IFERROR(IF(INDEX(data_wkly!X:X,MATCH($B16,data_wkly!$C:$C,0),1)=0,"",INDEX(data_wkly!X:X,MATCH($B16,data_wkly!$C:$C,0),1)),"") -> -0.84161883 | Y16: =IFERROR(IF(INDEX(data_wkly!Y:Y,MATCH($B16,data_wkly!$C:$C,0),1)=0,"",INDEX(data_wkly!Y:Y,MATCH($B16,data_wkly!$C:$C,0),1)),"") -> 133.63 | Z16: =IFERROR(IF(INDEX(data_wkly!Z:Z,MATCH($B16,data_wkly!$C:$C,0),1)=0,"",INDEX(data_wkly!Z:Z,MATCH($B16,data_wkly!$C:$C,0),1)),"") -> -0.89 | AA16: =IFERROR(IF(INDEX(data_wkly!AA:AA,MATCH($B16,data_wkly!$C:$C,0),1)=0,"",INDEX(data_wkly!AA:AA,MATCH($B16,data_wkly!$C:$C,0),1)),"") -> 136.96 | AB16: =IFERROR(IF(INDEX(data_wkly!AB:AB,MATCH($B16,data_wkly!$C:$C,0),1)=0,"",INDEX(data_wkly!AB:AB,MATCH($B16,data_wkly!$C:$C,0),1)),"") -> -0.7 | AC16: =IFERROR(IF(INDEX(data_wkly!AC:AC,MATCH($B16,data_wkly!$C:$C,0),1)=0,"",INDEX(data_wkly!AC:AC,MATCH($B16,data_wkly!$C:$C,0),1)),"") -> 135.74 | AD16: =IFERROR(IF(INDEX(data_wkly!AD:AD,MATCH($B16,data_wkly!$C:$C,0),1)=0,"",INDEX(data_wkly!AD:AD,MATCH($B16,data_wkly!$C:$C,0),1)),"") -> -0.96 | AE16: =IF(W16="","",AO16) -> 2 | AF16: =IFERROR(IF(INDEX(data_wkly!AF:AF,MATCH($B16,data_wkly!$C:$C,0),1)=0,"",INDEX(data_wkly!AF:AF,MATCH($B16,data_wkly!$C:$C,0),1)),"") -> 163.42 | AG16: =IFERROR(IF(AF16="","",INDEX(data_wkly!AG:AG,MATCH($B16,data_wkly!$C:$C,0),1)),"") -> -0.29 | AH16: =IFERROR(IF(INDEX(data_wkly!AH:AH,MATCH($B16,data_wkly!$C:$C,0),1)=0,"",INDEX(data_wkly!AH:AH,MATCH($B16,data_wkly!$C:$C,0),1)),"") -> 149.95333 | AI16: =IFERROR(IF(INDEX(data_wkly!AI:AI,MATCH($B16,data_wkly!$C:$C,0),1)=0,"",INDEX(data_wkly!AI:AI,MATCH($B16,data_wkly!$C:$C,0),1)),"") -> 160.46 | AJ16: =IFERROR(IF(AI16="","",INDEX(data_wkly!AJ:AJ,MATCH($B16,data_wkly!$C:$C,0),1)),"") -> -0.29 | AK16: =IFERROR(IF(INDEX(data_wkly!AK:AK,MATCH($B16,data_wkly!$C:$C,0),1)=0,"",INDEX(data_wkly!AK:AK,MATCH($B16,data_wkly!$C:$C,0),1)),"") -> 147.25333 | AL16: =IFERROR(IF(INDEX(data_wkly!AL:AL,MATCH($B16,data_wkly!$C:$C,0),1)=0,"",INDEX(data_wkly!AL:AL,MATCH($B16,data_wkly!$C:$C,0),1)),"") -> 80.03 | AM16: =IFERROR(IF(INDEX(data_wkly!AM:AM,MATCH($B16,data_wkly!$C:$C,0),1)=0,"",INDEX(data_wkly!AM:AM,MATCH($B16,data_wkly!$C:$C,0),1)),"") -> 10.8 | AN16: =IF(AF16="","",AO16) -> 2 | AO16: =AO14 -> 2
A17: =IF(C17="","",AO17) -> 1 | B17: =IFERROR(IF(B16+7<=$D$8,B16+7,""),"") -> 41762 | C17: =IFERROR(IF(INDEX(data_wkly!D:D,MATCH($B17,data_wkly!$C:$C,0),1)=0,"",INDEX(data_wkly!D:D,MATCH($B17,data_wkly!$C:$C,0),1)),"") -> 79838 | D17: =IFERROR(IF(INDEX(data_wkly!E:E,MATCH($B17,data_wkly!$C:$C,0),1)=0,"",INDEX(data_wkly!E:E,MATCH($B17,data_wkly!$C:$C,0),1)),"") -> 163.74 | E17: =IF(C17="","",IFERROR(INDEX(data_wkly!F:F,MATCH($B17,data_wkly!$C:$C,0),1),"")) -> 0.53 | F17: =IF(E17="","",IFERROR(IF(INDEX(data_wkly!G:G,MATCH($B17,data_wkly!$C:$C,0),1)=0,"",INDEX(data_wkly!G:G,MATCH($B17,data_wkly!$C:$C,0),1)),"")) | G17: =IFERROR(IF(INDEX(data_wkly!H:H,MATCH($B17,data_wkly!$C:$C,0),1)=0,"",INDEX(data_wkly!H:H,MATCH($B17,data_wkly!$C:$C,0),1)),"") -> 160.79 | H17: =IF(C17="","",IFERROR(INDEX(data_wkly!I:I,MATCH($B17,data_wkly!$C:$C,0),1),"")) -> 0.52 | I17: =IF(H17="","",IFERROR(IF(INDEX(data_wkly!J:J,MATCH($B17,data_wkly!$C:$C,0),1)=0,"",INDEX(data_wkly!J:J,MATCH($B17,data_wkly!$C:$C,0),1)),"")) | J17: =IFERROR(IF(INDEX(data_wkly!K:K,MATCH($B17,data_wkly!$C:$C,0),1)=0,"",INDEX(data_wkly!K:K,MATCH($B17,data_wkly!$C:$C,0),1)),"") -> 80.77 | K17: =IFERROR(IF(INDEX(data_wkly!L:L,MATCH($B17,data_wkly!$C:$C,0),1)=0,"",INDEX(data_wkly!L:L,MATCH($B17,data_wkly!$C:$C,0),1)),"") -> 10.9 | M17: =IFERROR(IF(INDEX(data_wkly!M:M,MATCH($B17,data_wkly!$C:$C,0),1)=0,"",INDEX(data_wkly!M:M,MATCH($B17,data_wkly!$C:$C,0),1)),"") -> 70010 | N17: =IFERROR(IF(INDEX(data_wkly!N:N,MATCH($B17,data_wkly!$C:$C,0),1)=0,"",INDEX(data_wkly!N:N,MATCH($B17,data_wkly!$C:$C,0),1)),"") -> 165.77 | O17: =IF(M17="","",IFERROR(INDEX(data_wkly!O:O,MATCH($B17,data_wkly!$C:$C,0),1),"")) -> 0.2 | P17: =IF(M17="","",IFERROR(IF(INDEX(data_wkly!P:P,MATCH($B17,data_wkly!$C:$C,0),1)=0,"",INDEX(data_wkly!P:P,MATCH($B17,data_wkly!$C:$C,0),1)),"")) | Q17: =IFERROR(IF(INDEX(data_wkly!Q:Q,MATCH($B17,data_wkly!$C:$C,0),1)=0,"",INDEX(data_wkly!Q:Q,MATCH($B17,data_wkly!$C:$C,0),1)),"") -> 162.78 | R17: =IF(M17="","",IFERROR(INDEX(data_wkly!R:R,MATCH($B17,data_wkly!$C:$C,0),1),"")) -> 0.19 | S17: =IF(M17="","",IFERROR(IF(INDEX(data_wkly!S:S,MATCH($B17,data_wkly!$C:$C,0),1)=0,"",INDEX(data_wkly!S:S,MATCH($B17,data_wkly!$C:$C,0),1)),"")) | T17: =IFERROR(IF(INDEX(data_wkly!T:T,MATCH($B17,data_wkly!$C:$C,0),1)=0,"",INDEX(data_wkly!T:T,MATCH($B17,data_wkly!$C:$C,0),1)),"") -> 80.44 | U17: =IFERROR(IF(INDEX(data_wkly!U:U,MATCH($B17,data_wkly!$C:$C,0),1)=0,"",INDEX(data_wkly!U:U,MATCH($B17,data_wkly!$C:$C,0),1)),"") -> 10.9 | V17: =IF(M17="","",AO17) -> 1 | W17: =IFERROR(IF(INDEX(data_wkly!W:W,MATCH($B17,data_wkly!$C:$C,0),1)=0,"",INDEX(data_wkly!W:W,MATCH($B17,data_wkly!$C:$C,0),1)),"") -> 134.0977 | X17: =IFERROR(IF(INDEX(data_wkly!X:X,MATCH($B17,data_wkly!$C:$C,0),1)=0,"",INDEX(data_wkly!X:X,MATCH($B17,data_wkly!$C:$C,0),1)),"") -> 0.84495762 | Y17: =IFERROR(IF(INDEX(data_wkly!Y:Y,MATCH($B17,data_wkly!$C:$C,0),1)=0,"",INDEX(data_wkly!Y:Y,MATCH($B17,data_wkly!$C:$C,0),1)),"") -> 134.36 | Z17: =IFERROR(IF(INDEX(data_wkly!Z:Z,MATCH($B17,data_wkly!$C:$C,0),1)=0,"",INDEX(data_wkly!Z:Z,MATCH($B17,data_wkly!$C:$C,0),1)),"") -> 0.73 | AA17: =IFERROR(IF(INDEX(data_wkly!AA:AA,MATCH($B17,data_wkly!$C:$C,0),1)=0,"",INDEX(data_wkly!AA:AA,MATCH($B17,data_wkly!$C:$C,0),1)),"") -> 137.52 | AB17: =IFERROR(IF(INDEX(data_wkly!AB:AB,MATCH($B17,data_wkly!$C:$C,0),1)=0,"",INDEX(data_wkly!AB:AB,MATCH($B17,data_wkly!$C:$C,0),1)),"") -> 0.56 | AC17: =IFERROR(IF(INDEX(data_wkly!AC:AC,MATCH($B17,data_wkly!$C:$C,0),1)=0,"",INDEX(data_wkly!AC:AC,MATCH($B17,data_wkly!$C:$C,0),1)),"") -> 136.25 | AD17: =IFERROR(IF(INDEX(data_wkly!AD:AD,MATCH($B17,data_wkly!$C:$C,0),1)=0,"",INDEX(data_wkly!AD:AD,MATCH($B17,data_wkly!$C:$C,0),1)),"") -> 0.51 | AE17: =IF(W17="","",AO17) -> 1 | AF17: =IFERROR(IF(INDEX(data_wkly!AF:AF,MATCH($B17,data_wkly!$C:$C,0),1)=0,"",INDEX(data_wkly!AF:AF,MATCH($B17,data_wkly!$C:$C,0),1)),"") -> 163.9 | AG17: =IFERROR(IF(AF17="","",INDEX(data_wkly!AG:AG,MATCH($B17,data_wkly!$C:$C,0),1)),"") -> 0.48 | AH17: =IFERROR(IF(INDEX(data_wkly!AH:AH,MATCH($B17,data_wkly!$C:$C,0),1)=0,"",INDEX(data_wkly!AH:AH,MATCH($B17,data_wkly!$C:$C,0),1)),"") -> 151.21333 | AI17: =IFERROR(IF(INDEX(data_wkly!AI:AI,MATCH($B17,data_wkly!$C:$C,0),1)=0,"",INDEX(data_wkly!AI:AI,MATCH($B17,data_wkly!$C:$C,0),1)),"") -> 160.94 | AJ17: =IFERROR(IF(AI17="","",INDEX(data_wkly!AJ:AJ,MATCH($B17,data_wkly!$C:$C,0),1)),"") -> 0.48 | AK17: =IFERROR(IF(INDEX(data_wkly!AK:AK,MATCH($B17,data_wkly!$C:$C,0),1)=0,"",INDEX(data_wkly!AK:AK,MATCH($B17,data_wkly!$C:$C,0),1)),"") -> 148.49667 | AL17: =IFERROR(IF(INDEX(data_wkly!AL:AL,MATCH($B17,data_wkly!$C:$C,0),1)=0,"",INDEX(data_wkly!AL:AL,MATCH($B17,data_wkly!$C:$C,0),1)),"") -> 80.09 | AM17: =IFERROR(IF(INDEX(data_wkly!AM:AM,MATCH($B17,data_wkly!$C:$C,0),1)=0,"",INDEX(data_wkly!AM:AM,MATCH($B17,data_wkly!$C:$C,0),1)),"") -> 10.8 | AN17: =IF(AF17="","",AO17) -> 1 | AO17: =AO15 -> 1
A18: =IF(C18="","",AO18) -> 2 | B18: =IFERROR(IF(B17+7<=$D$8,B17+7,""),"") -> 41769 | C18: =IFERROR(IF(INDEX(data_wkly!D:D,MATCH($B18,data_wkly!$C:$C,0),1)=0,"",INDEX(data_wkly!D:D,MATCH($B18,data_wkly!$C:$C,0),1)),"") -> 81411 | D18: =IFERROR(IF(INDEX(data_wkly!E:E,MATCH($B18,data_wkly!$C:$C,0),1)=0,"",INDEX(data_wkly!E:E,MATCH($B18,data_wkly!$C:$C,0),1)),"") -> 163.75 | E18: =IF(C18="","",IFERROR(INDEX(data_wkly!F:F,MATCH($B18,data_wkly!$C:$C,0),1),"")) -> 0.01 | F18: =IF(E18="","",IFERROR(IF(INDEX(data_wkly!G:G,MATCH($B18,data_wkly!$C:$C,0),1)=0,"",INDEX(data_wkly!G:G,MATCH($B18,data_wkly!$C:$C,0),1)),"")) | G18: =IFERROR(IF(INDEX(data_wkly!H:H,MATCH($B18,data_wkly!$C:$C,0),1)=0,"",INDEX(data_wkly!H:H,MATCH($B18,data_wkly!$C:$C,0),1)),"") -> 160.8 | H18: =IF(C18="","",IFERROR(INDEX(data_wkly!I:I,MATCH($B18,data_wkly!$C:$C,0),1),"")) -> 0.01 | I18: =IF(H18="","",IFERROR(IF(INDEX(data_wkly!J:J,MATCH($B18,data_wkly!$C:$C,0),1)=0,"",INDEX(data_wkly!J:J,MATCH($B18,data_wkly!$C:$C,0),1)),"")) | J18: =IFERROR(IF(INDEX(data_wkly!K:K,MATCH($B18,data_wkly!$C:$C,0),1)=0,"",INDEX(data_wkly!K:K,MATCH($B18,data_wkly!$C:$C,0),1)),"") -> 81.04 | K18: =IFERROR(IF(INDEX(data_wkly!L:L,MATCH($B18,data_wkly!$C:$C,0),1)=0,"",INDEX(data_wkly!L:L,MATCH($B18,data_wkly!$C:$C,0),1)),"") -> 10.9 | M18: =IFERROR(IF(INDEX(data_wkly!M:M,MATCH($B18,data_wkly!$C:$C,0),1)=0,"",INDEX(data_wkly!M:M,MATCH($B18,data_wkly!$C:$C,0),1)),"") -> 70233 | N18: =IFERROR(IF(INDEX(data_wkly!N:N,MATCH($B18,data_wkly!$C:$C,0),1)=0,"",INDEX(data_wkly!N:N,MATCH($B18,data_wkly!$C:$C,0),1)),"") -> 165.82 | O18: =IF(M18="","",IFERROR(INDEX(data_wkly!O:O,MATCH($B18,data_wkly!$C:$C,0),1),"")) -> 0.05 | P18: =IF(M18="","",IFERROR(IF(INDEX(data_wkly!P:P,MATCH($B18,data_wkly!$C:$C,0),1)=0,"",INDEX(data_wkly!P:P,MATCH($B18,data_wkly!$C:$C,0),1)),"")) | Q18: =IFERROR(IF(INDEX(data_wkly!Q:Q,MATCH($B18,data_wkly!$C:$C,0),1)=0,"",INDEX(data_wkly!Q:Q,MATCH($B18,data_wkly!$C:$C,0),1)),"") -> 162.83 | R18: =IF(M18="","",IFERROR(INDEX(data_wkly!R:R,MATCH($B18,data_wkly!$C:$C,0),1),"")) -> 0.05 | S18: =IF(M18="","",IFERROR(IF(INDEX(data_wkly!S:S,MATCH($B18,data_wkly!$C:$C,0),1)=0,"",INDEX(data_wkly!S:S,MATCH($B18,data_wkly!$C:$C,0),1)),"")) | T18: =IFERROR(IF(INDEX(data_wkly!T:T,MATCH($B18,data_wkly!$C:$C,0),1)=0,"",INDEX(data_wkly!T:T,MATCH($B18,data_wkly!$C:$C,0),1)),"") -> 80.5 | U18: =IFERROR(IF(INDEX(data_wkly!U:U,MATCH($B18,data_wkly!$C:$C,0),1)=0,"",INDEX(data_wkly!U:U,MATCH($B18,data_wkly!$C:$C,0),1)),"") -> 11.1 | V18: =IF(M18="","",AO18) -> 2 | W18: =IFERROR(IF(INDEX(data_wkly!W:W,MATCH($B18,data_wkly!$C:$C,0),1)=0,"",INDEX(data_wkly!W:W,MATCH($B18,data_wkly!$C:$C,0),1)),"") -> 133.9795 | X18: =IFERROR(IF(INDEX(data_wkly!X:X,MATCH($B18,data_wkly!$C:$C,0),1)=0,"",INDEX(data_wkly!X:X,MATCH($B18,data_wkly!$C:$C,0),1)),"") -> -0.11821709 | Y18: =IFERROR(IF(INDEX(data_wkly!Y:Y,MATCH($B18,data_wkly!$C:$C,0),1)=0,"",INDEX(data_wkly!Y:Y,MATCH($B18,data_wkly!$C:$C,0),1)),"") -> 134.25 | Z18: =IFERROR(IF(INDEX(data_wkly!Z:Z,MATCH($B18,data_wkly!$C:$C,0),1)=0,"",INDEX(data_wkly!Z:Z,MATCH($B18,data_wkly!$C:$C,0),1)),"") -> -0.11 | AA18: =IFERROR(IF(INDEX(data_wkly!AA:AA,MATCH($B18,data_wkly!$C:$C,0),1)=0,"",INDEX(data_wkly!AA:AA,MATCH($B18,data_wkly!$C:$C,0),1)),"") -> 137.06 | AB18: =IFERROR(IF(INDEX(data_wkly!AB:AB,MATCH($B18,data_wkly!$C:$C,0),1)=0,"",INDEX(data_wkly!AB:AB,MATCH($B18,data_wkly!$C:$C,0),1)),"") -> -0.46 | AC18: =IFERROR(IF(INDEX(data_wkly!AC:AC,MATCH($B18,data_wkly!$C:$C,0),1)=0,"",INDEX(data_wkly!AC:AC,MATCH($B18,data_wkly!$C:$C,0),1)),"") -> 135.58 | AD18: =IFERROR(IF(INDEX(data_wkly!AD:AD,MATCH($B18,data_wkly!$C:$C,0),1)=0,"",INDEX(data_wkly!AD:AD,MATCH($B18,data_wkly!$C:$C,0),1)),"") -> -0.67 | AE18: =IF(W18="","",AO18) -> 2 | AF18: =IFERROR(IF(INDEX(data_wkly!AF:AF,MATCH($B18,data_wkly!$C:$C,0),1)=0,"",INDEX(data_wkly!AF:AF,MATCH($B18,data_wkly!$C:$C,0),1)),"") -> 164.01 | AG18: =IFERROR(IF(AF18="","",INDEX(data_wkly!AG:AG,MATCH($B18,data_wkly!$C:$C,0),1)),"") -> 0.11 | AH18: =IFERROR(IF(INDEX(data_wkly!AH:AH,MATCH($B18,data_wkly!$C:$C,0),1)=0,"",INDEX(data_wkly!AH:AH,MATCH($B18,data_wkly!$C:$C,0),1)),"") -> 151.98667 | AI18: =IFERROR(IF(INDEX(data_wkly!AI:AI,MATCH($B18,data_wkly!$C:$C,0),1)=0,"",INDEX(data_wkly!AI:AI,MATCH($B18,data_wkly!$C:$C,0),1)),"") -> 161.05 | AJ18: =IFERROR(IF(AI18="","",INDEX(data_wkly!AJ:AJ,MATCH($B18,data_wkly!$C:$C,0),1)),"") -> 0.11 | AK18: =IFERROR(IF(INDEX(data_wkly!AK:AK,MATCH($B18,data_wkly!$C:$C,0),1)=0,"",INDEX(data_wkly!AK:AK,MATCH($B18,data_wkly!$C:$C,0),1)),"") -> 149.25 | AL18: =IFERROR(IF(INDEX(data_wkly!AL:AL,MATCH($B18,data_wkly!$C:$C,0),1)=0,"",INDEX(data_wkly!AL:AL,MATCH($B18,data_wkly!$C:$C,0),1)),"") -> 80.02 | AM18: =IFERROR(IF(INDEX(data_wkly!AM:AM,MATCH($B18,data_wkly!$C:$C,0),1)=0,"",INDEX(data_wkly!AM:AM,MATCH($B18,data_wkly!$C:$C,0),1)),"") -> 10.9 | AN18: =IF(AF18="","",AO18) -> 2 | AO18: =AO16 -> 2
A19: =IF(C19="","",AO19) -> 1 | B19: =IFERROR(IF(B18+7<=$D$8,B18+7,""),"") -> 41776 | C19: =IFERROR(IF(INDEX(data_wkly!D:D,MATCH($B19,data_wkly!$C:$C,0),1)=0,"",INDEX(data_wkly!D:D,MATCH($B19,data_wkly!$C:$C,0),1)),"") -> 80762 | D19: =IFERROR(IF(INDEX(data_wkly!E:E,MATCH($B19,data_wkly!$C:$C,0),1)=0,"",INDEX(data_wkly!E:E,MATCH($B19,data_wkly!$C:$C,0),1)),"") -> 163.92 | E19: =IF(C19="","",IFERROR(INDEX(data_wkly!F:F,MATCH($B19,data_wkly!$C:$C,0),1),"")) -> 0.17 | F19: =IF(E19="","",IFERROR(IF(INDEX(data_wkly!G:G,MATCH($B19,data_wkly!$C:$C,0),1)=0,"",INDEX(data_wkly!G:G,MATCH($B19,data_wkly!$C:$C,0),1)),"")) | G19: =IFERROR(IF(INDEX(data_wkly!H:H,MATCH($B19,data_wkly!$C:$C,0),1)=0,"",INDEX(data_wkly!H:H,MATCH($B19,data_wkly!$C:$C,0),1)),"") -> 160.98 | H19: =IF(C19="","",IFERROR(INDEX(data_wkly!I:I,MATCH($B19,data_wkly!$C:$C,0),1),"")) -> 0.18 | I19: =IF(H19="","",IFERROR(IF(INDEX(data_wkly!J:J,MATCH($B19,data_wkly!$C:$C,0),1)=0,"",INDEX(data_wkly!J:J,MATCH($B19,data_wkly!$C:$C,0),1)),"")) | J19: =IFERROR(IF(INDEX(data_wkly!K:K,MATCH($B19,data_wkly!$C:$C,0),1)=0,"",INDEX(data_wkly!K:K,MATCH($B19,data_wkly!$C:$C,0),1)),"") -> 80.85 | K19: =IFERROR(IF(INDEX(data_wkly!L:L,MATCH($B19,data_wkly!$C:$C,0),1)=0,"",INDEX(data_wkly!L:L,MATCH($B19,data_wkly!$C:$C,0),1)),"") -> 11 | M19: =IFERROR(IF(INDEX(data_wkly!M:M,MATCH($B19,data_wkly!$C:$C,0),1)=0,"",INDEX(data_wkly!M:M,MATCH($B19,data_wkly!$C:$C,0),1)),"") -> 72845 | N19: =IFERROR(IF(INDEX(data_wkly!N:N,MATCH($B19,data_wkly!$C:$C,0),1)=0,"",INDEX(data_wkly!N:N,MATCH($B19,data_wkly!$C:$C,0),1)),"") -> 166.38 | O19: =IF(M19="","",IFERROR(INDEX(data_wkly!O:O,MATCH($B19,data_wkly!$C:$C,0),1),"")) -> 0.56 | P19: =IF(M19="","",IFERROR(IF(INDEX(data_wkly!P:P,MATCH($B19,data_wkly!$C:$C,0),1)=0,"",INDEX(data_wkly!P:P,MATCH($B19,data_wkly!$C:$C,0),1)),"")) | Q19: =IFERROR(IF(INDEX(data_wkly!Q:Q,MATCH($B19,data_wkly!$C:$C,0),1)=0,"",INDEX(data_wkly!Q:Q,MATCH($B19,data_wkly!$C:$C,0),1)),"") -> 163.39 | R19: =IF(M19="","",IFERROR(INDEX(data_wkly!R:R,MATCH($B19,data_wkly!$C:$C,0),1),"")) -> 0.56 | S19: =IF(M19="","",IFERROR(IF(INDEX(data_wkly!S:S,MATCH($B19,data_wkly!$C:$C,0),1)=0,"",INDEX(data_wkly!S:S,MATCH($B19,data_wkly!$C:$C,0),1)),"")) | T19: =IFERROR(IF(INDEX(data_wkly!T:T,MATCH($B19,data_wkly!$C:$C,0),1)=0,"",INDEX(data_wkly!T:T,MATCH($B19,data_wkly!$C:$C,0),1)),"") -> 80.27 | U19: =IFERROR(IF(INDEX(data_wkly!U:U,MATCH($B19,data_wkly!$C:$C,0),1)=0,"",INDEX(data_wkly!U:U,MATCH($B19,data_wkly!$C:$C,0),1)),"") -> 11.1 | V19: =IF(M19="","",AO19) -> 1 | W19: =IFERROR(IF(INDEX(data_wkly!W:W,MATCH($B19,data_wkly!$C:$C,0),1)=0,"",INDEX(data_wkly!W:W,MATCH($B19,data_wkly!$C:$C,0),1)),"") -> 132.9723 | X19: =IFERROR(IF(INDEX(data_wkly!X:X,MATCH($B19,data_wkly!$C:$C,0),1)=0,"",INDEX(data_wkly!X:X,MATCH($B19,data_wkly!$C:$C,0),1)),"") -> -1.0071398 | Y19: =IFERROR(IF(INDEX(data_wkly!Y:Y,MATCH($B19,data_wkly!$C:$C,0),1)=0,"",INDEX(data_wkly!Y:Y,MATCH($B19,data_wkly!$C:$C,0),1)),"") -> 133.08 | Z19: =IFERROR(IF(INDEX(data_wkly!Z:Z,MATCH($B19,data_wkly!$C:$C,0),1)=0,"",INDEX(data_wkly!Z:Z,MATCH($B19,data_wkly!$C:$C,0),1)),"") -> -1.17 | AA19: =IFERROR(IF(INDEX(data_wkly!AA:AA,MATCH($B19,data_wkly!$C:$C,0),1)=0,"",INDEX(data_wkly!AA:AA,MATCH($B19,data_wkly!$C:$C,0),1)),"") -> 135.82 | AB19: =IFERROR(IF(INDEX(data_wkly!AB:AB,MATCH($B19,data_wkly!$C:$C,0),1)=0,"",INDEX(data_wkly!AB:AB,MATCH($B19,data_wkly!$C:$C,0),1)),"") -> -1.24 | AC19: =IFERROR(IF(INDEX(data_wkly!AC:AC,MATCH($B19,data_wkly!$C:$C,0),1)=0,"",INDEX(data_wkly!AC:AC,MATCH($B19,data_wkly!$C:$C,0),1)),"") -> 134.22 | AD19: =IFERROR(IF(INDEX(data_wkly!AD:AD,MATCH($B19,data_wkly!$C:$C,0),1)=0,"",INDEX(data_wkly!AD:AD,MATCH($B19,data_wkly!$C:$C,0),1)),"") -> -1.36 | AE19: =IF(W19="","",AO19) -> 1 | AF19: =IFERROR(IF(INDEX(data_wkly!AF:AF,MATCH($B19,data_wkly!$C:$C,0),1)=0,"",INDEX(data_wkly!AF:AF,MATCH($B19,data_wkly!$C:$C,0),1)),"") -> 164.23 | AG19: =IFERROR(IF(AF19="","",INDEX(data_wkly!AG:AG,MATCH($B19,data_wkly!$C:$C,0),1)),"") -> 0.22 | AH19: =IFERROR(IF(INDEX(data_wkly!AH:AH,MATCH($B19,data_wkly!$C:$C,0),1)=0,"",INDEX(data_wkly!AH:AH,MATCH($B19,data_wkly!$C:$C,0),1)),"") -> 153.17667 | AI19: =IFERROR(IF(INDEX(data_wkly!AI:AI,MATCH($B19,data_wkly!$C:$C,0),1)=0,"",INDEX(data_wkly!AI:AI,MATCH($B19,data_wkly!$C:$C,0),1)),"") -> 161.25 | AJ19: =IFERROR(IF(AI19="","",INDEX(data_wkly!AJ:AJ,MATCH($B19,data_wkly!$C:$C,0),1)),"") -> 0.2 | AK19: =IFERROR(IF(INDEX(data_wkly!AK:AK,MATCH($B19,data_wkly!$C:$C,0),1)=0,"",INDEX(data_wkly!AK:AK,MATCH($B19,data_wkly!$C:$C,0),1)),"") -> 150.43 | AL19: =IFERROR(IF(INDEX(data_wkly!AL:AL,MATCH($B19,data_wkly!$C:$C,0),1)=0,"",INDEX(data_wkly!AL:AL,MATCH($B19,data_wkly!$C:$C,0),1)),"") -> 79.91 | AM19: =IFERROR(IF(INDEX(data_wkly!AM:AM,MATCH($B19,data_wkly!$C:$C,0),1)=0,"",INDEX(data_wkly!AM:AM,MATCH($B19,data_wkly!$C:$C,0),1)),"") -> 10.8 | AN19: =IF(AF19="","",AO19) -> 1 | AO19: =AO17 -> 1
A20: =IF(C20="","",AO20) -> 2 | B20: =IFERROR(IF(B19+7<=$D$8,B19+7,""),"") -> 41783 | C20: =IFERROR(IF(INDEX(data_wkly!D:D,MATCH($B20,data_wkly!$C:$C,0),1)=0,"",INDEX(data_wkly!D:D,MATCH($B20,data_wkly!$C:$C,0),1)),"") -> 80318 | D20: =IFERROR(IF(INDEX(data_wkly!E:E,MATCH($B20,data_wkly!$C:$C,0),1)=0,"",INDEX(data_wkly!E:E,MATCH($B20,data_wkly!$C:$C,0),1)),"") -> 164.04 | E20: =IF(C20="","",IFERROR(INDEX(data_wkly!F:F,MATCH($B20,data_wkly!$C:$C,0),1),"")) -> 0.12 | F20: =IF(E20="","",IFERROR(IF(INDEX(data_wkly!G:G,MATCH($B20,data_wkly!$C:$C,0),1)=0,"",INDEX(data_wkly!G:G,MATCH($B20,data_wkly!$C:$C,0),1)),"")) | G20: =IFERROR(IF(INDEX(data_wkly!H:H,MATCH($B20,data_wkly!$C:$C,0),1)=0,"",INDEX(data_wkly!H:H,MATCH($B20,data_wkly!$C:$C,0),1)),"") -> 161.09 | H20: =IF(C20="","",IFERROR(INDEX(data_wkly!I:I,MATCH($B20,data_wkly!$C:$C,0),1),"")) -> 0.11 | I20: =IF(H20="","",IFERROR(IF(INDEX(data_wkly!J:J,MATCH($B20,data_wkly!$C:$C,0),1)=0,"",INDEX(data_wkly!J:J,MATCH($B20,data_wkly!$C:$C,0),1)),"")) | J20: =IFERROR(IF(INDEX(data_wkly!K:K,MATCH($B20,data_wkly!$C:$C,0),1)=0,"",INDEX(data_wkly!K:K,MATCH($B20,data_wkly!$C:$C,0),1)),"") -> 80.64 | K20: =IFERROR(IF(INDEX(data_wkly!L:L,MATCH($B20,data_wkly!$C:$C,0),1)=0,"",INDEX(data_wkly!L:L,MATCH($B20,data_wkly!$C:$C,0),1)),"") -> 11.1 | M20: =IFERROR(IF(INDEX(data_wkly!M:M,MATCH($B20,data_wkly!$C:$C,0),1)=0,"",INDEX(data_wkly!M:M,MATCH($B20,data_wkly!$C:$C,0),1)),"") -> 74698 | N20: =IFERROR(IF(INDEX(data_wkly!N:N,MATCH($B20,data_wkly!$C:$C,0),1)=0,"",INDEX(data_wkly!N:N,MATCH($B20,data_wkly!$C:$C,0),1)),"") -> 165.987 | O20: =IF(M20="","",IFERROR(INDEX(data_wkly!O:O,MATCH($B20,data_wkly!$C:$C,0),1),"")) -> -0.393 | P20: =IF(M20="","",IFERROR(IF(INDEX(data_wkly!P:P,MATCH($B20,data_wkly!$C:$C,0),1)=0,"",INDEX(data_wkly!P:P,MATCH($B20,data_wkly!$C:$C,0),1)),"")) | Q20: =IFERROR(IF(INDEX(data_wkly!Q:Q,MATCH($B20,data_wkly!$C:$C,0),1)=0,"",INDEX(data_wkly!Q:Q,MATCH($B20,data_wkly!$C:$C,0),1)),"") -> 163 | R20: =IF(M20="","",IFERROR(INDEX(data_wkly!R:R,MATCH($B20,data_wkly!$C:$C,0),1),"")) -> -0.39 | S20: =IF(M20="","",IFERROR(IF(INDEX(data_wkly!S:S,MATCH($B20,data_wkly!$C:$C,0),1)=0,"",INDEX(data_wkly!S:S,MATCH($B20,data_wkly!$C:$C,0),1)),"")) | T20: =IFERROR(IF(INDEX(data_wkly!T:T,MATCH($B20,data_wkly!$C:$C,0),1)=0,"",INDEX(data_wkly!T:T,MATCH($B20,data_wkly!$C:$C,0),1)),"") -> 80.23 | U20: =IFERROR(IF(INDEX(data_wkly!U:U,MATCH($B20,data_wkly!$C:$C,0),1)=0,"",INDEX(data_wkly!U:U,MATCH($B20,data_wkly!$C:$C,0),1)),"") -> 11.2 | V20: =IF(M20="","",AO20) -> 2 | W20: =IFERROR(IF(INDEX(data_wkly!W:W,MATCH($B20,data_wkly!$C:$C,0),1)=0,"",INDEX(data_wkly!W:W,MATCH($B20,data_wkly!$C:$C,0),1)),"") -> 132.794 | X20: =IFERROR(IF(INDEX(data_wkly!X:X,MATCH($B20,data_wkly!$C:$C,0),1)=0,"",INDEX(data_wkly!X:X,MATCH($B20,data_wkly!$C:$C,0),1)),"") -> -0.17837077 | Y20: =IFERROR(IF(INDEX(data_wkly!Y:Y,MATCH($B20,data_wkly!$C:$C,0),1)=0,"",INDEX(data_wkly!Y:Y,MATCH($B20,data_wkly!$C:$C,0),1)),"") -> 132.73 | Z20: =IFERROR(IF(INDEX(data_wkly!Z:Z,MATCH($B20,data_wkly!$C:$C,0),1)=0,"",INDEX(data_wkly!Z:Z,MATCH($B20,data_wkly!$C:$C,0),1)),"") -> -0.35 | AA20: =IFERROR(IF(INDEX(data_wkly!AA:AA,MATCH($B20,data_wkly!$C:$C,0),1)=0,"",INDEX(data_wkly!AA:AA,MATCH($B20,data_wkly!$C:$C,0),1)),"") -> 135.96 | AB20: =IFERROR(IF(INDEX(data_wkly!AB:AB,MATCH($B20,data_wkly!$C:$C,0),1)=0,"",INDEX(data_wkly!AB:AB,MATCH($B20,data_wkly!$C:$C,0),1)),"") -> 0.14 | AC20: =IFERROR(IF(INDEX(data_wkly!AC:AC,MATCH($B20,data_wkly!$C:$C,0),1)=0,"",INDEX(data_wkly!AC:AC,MATCH($B20,data_wkly!$C:$C,0),1)),"") -> 134.62 | AD20: =IFERROR(IF(INDEX(data_wkly!AD:AD,MATCH($B20,data_wkly!$C:$C,0),1)=0,"",INDEX(data_wkly!AD:AD,MATCH($B20,data_wkly!$C:$C,0),1)),"") -> 0.4 | AE20: =IF(W20="","",AO20) -> 2 | AF20: =IFERROR(IF(INDEX(data_wkly!AF:AF,MATCH($B20,data_wkly!$C:$C,0),1)=0,"",INDEX(data_wkly!AF:AF,MATCH($B20,data_wkly!$C:$C,0),1)),"") -> 164.29 | AG20: =IFERROR(IF(AF20="","",INDEX(data_wkly!AG:AG,MATCH($B20,data_wkly!$C:$C,0),1)),"") -> 0.06 | AH20: =IFERROR(IF(INDEX(data_wkly!AH:AH,MATCH($B20,data_wkly!$C:$C,0),1)=0,"",INDEX(data_wkly!AH:AH,MATCH($B20,data_wkly!$C:$C,0),1)),"") -> 154.00333 | AI20: =IFERROR(IF(INDEX(data_wkly!AI:AI,MATCH($B20,data_wkly!$C:$C,0),1)=0,"",INDEX(data_wkly!AI:AI,MATCH($B20,data_wkly!$C:$C,0),1)),"") -> 161.32 | AJ20: =IFERROR(IF(AI20="","",INDEX(data_wkly!AJ:AJ,MATCH($B20,data_wkly!$C:$C,0),1)),"") -> 0.07 | AK20: =IFERROR(IF(INDEX(data_wkly!AK:AK,MATCH($B20,data_wkly!$C:$C,0),1)=0,"",INDEX(data_wkly!AK:AK,MATCH($B20,data_wkly!$C:$C,0),1)),"") -> 151.24 | AL20: =IFERROR(IF(INDEX(data_wkly!AL:AL,MATCH($B20,data_wkly!$C:$C,0),1)=0,"",INDEX(data_wkly!AL:AL,MATCH($B20,data_wkly!$C:$C,0),1)),"") -> 79.82 | AM20: =IFERROR(IF(INDEX(data_wkly!AM:AM,MATCH($B20,data_wkly!$C:$C,0),1)=0,"",INDEX(data_wkly!AM:AM,MATCH($B20,data_wkly!$C:$C,0),1)),"") -> 11 | AN20: =IF(AF20="","",AO20) -> 2 | AO20: =AO18 -> 2
A21: =IF(C21="","",AO21) -> 1 | B21: =IFERROR(IF(B20+7<=$D$8,B20+7,""),"") -> 41790 | C21: =IFERROR(IF(INDEX(data_wkly!D:D,MATCH($B21,data_wkly!$C:$C,0),1)=0,"",INDEX(data_wkly!D:D,MATCH($B21,data_wkly!$C:$C,0),1)),"") -> 75902 | D21: =IFERROR(IF(INDEX(data_wkly!E:E,MATCH($B21,data_wkly!$C:$C,0),1)=0,"",INDEX(data_wkly!E:E,MATCH($B21,data_wkly!$C:$C,0),1)),"") -> 164.22 | E21: =IF(C21="","",IFERROR(INDEX(data_wkly!F:F,MATCH($B21,data_wkly!$C:$C,0),1),"")) -> 0.18 | F21: =IF(E21="","",IFERROR(IF(INDEX(data_wkly!G:G,MATCH($B21,data_wkly!$C:$C,0),1)=0,"",INDEX(data_wkly!G:G,MATCH($B21,data_wkly!$C:$C,0),1)),"")) | G21: =IFERROR(IF(INDEX(data_wkly!H:H,MATCH($B21,data_wkly!$C:$C,0),1)=0,"",INDEX(data_wkly!H:H,MATCH($B21,data_wkly!$C:$C,0),1)),"") -> 161.26 | H21: =IF(C21="","",IFERROR(INDEX(data_wkly!I:I,MATCH($B21,data_wkly!$C:$C,0),1),"")) -> 0.17 | I21: =IF(H21="","",IFERROR(IF(INDEX(data_wkly!J:J,MATCH($B21,data_wkly!$C:$C,0),1)=0,"",INDEX(data_wkly!J:J,MATCH($B21,data_wkly!$C:$C,0),1)),"")) | J21: =IFERROR(IF(INDEX(data_wkly!K:K,MATCH($B21,data_wkly!$C:$C,0),1)=0,"",INDEX(data_wkly!K:K,MATCH($B21,data_wkly!$C:$C,0),1)),"") -> 80.8 | K21: =IFERROR(IF(INDEX(data_wkly!L:L,MATCH($B21,data_wkly!$C:$C,0),1)=0,"",INDEX(data_wkly!L:L,MATCH($B21,data_wkly!$C:$C,0),1)),"") -> 11.1 | M21: =IFERROR(IF(INDEX(data_wkly!M:M,MATCH($B21,data_wkly!$C:$C,0),1)=0,"",INDEX(data_wkly!M:M,MATCH($B21,data_wkly!$C:$C,0),1)),"") -> 64700 | N21: =IFERROR(IF(INDEX(data_wkly!N:N,MATCH($B21,data_wkly!$C:$C,0),1)=0,"",INDEX(data_wkly!N:N,MATCH($B21,data_wkly!$C:$C,0),1)),"") -> 166.29 | O21: =IF(M21="","",IFERROR(INDEX(data_wkly!O:O,MATCH($B21,data_wkly!$C:$C,0),1),"")) -> 0.303 | P21: =IF(M21="","",IFERROR(IF(INDEX(data_wkly!P:P,MATCH($B21,data_wkly!$C:$C,0),1)=0,"",INDEX(data_wkly!P:P,MATCH($B21,data_wkly!$C:$C,0),1)),"")) | Q21: =IFERROR(IF(INDEX(data_wkly!Q:Q,MATCH($B21,data_wkly!$C:$C,0),1)=0,"",INDEX(data_wkly!Q:Q,MATCH($B21,data_wkly!$C:$C,0),1)),"") -> 163.31 | R21: =IF(M21="","",IFERROR(INDEX(data_wkly!R:R,MATCH($B21,data_wkly!$C:$C,0),1),"")) -> 0.31 | S21: =IF(M21="","",IFERROR(IF(INDEX(data_wkly!S:S,MATCH($B21,data_wkly!$C:$C,0),1)=0,"",INDEX(data_wkly!S:S,MATCH($B21,data_wkly!$C:$C,0),1)),"")) | T21: =IFERROR(IF(INDEX(data_wkly!T:T,MATCH($B21,data_wkly!$C:$C,0),1)=0,"",INDEX(data_wkly!T:T,MATCH($B21,data_wkly!$C:$C,0),1)),"") -> 80.12 | U21: =IFERROR(IF(INDEX(data_wkly!U:U,MATCH($B21,data_wkly!$C:$C,0),1)=0,"",INDEX(data_wkly!U:U,MATCH($B21,data_wkly!$C:$C,0),1)),"") -> 11.2 | V21: =IF(M21="","",AO21) -> 1 | W21: =IFERROR(IF(INDEX(data_wkly!W:W,MATCH($B21,data_wkly!$C:$C,0),1)=0,"",INDEX(data_wkly!W:W,MATCH($B21,data_wkly!$C:$C,0),1)),"") -> 135.211 | X21: =IFERROR(IF(INDEX(data_wkly!X:X,MATCH($B21,data_wkly!$C:$C,0),1)=0,"",INDEX(data_wkly!X:X,MATCH($B21,data_wkly!$C:$C,0),1)),"") -> 2.4170201 | Y21: =IFERROR(IF(INDEX(data_wkly!Y:Y,MATCH($B21,data_wkly!$C:$C,0),1)=0,"",INDEX(data_wkly!Y:Y,MATCH($B21,data_wkly!$C:$C,0),1)),"") -> 135.2 | Z21: =IFERROR(IF(INDEX(data_wkly!Z:Z,MATCH($B21,data_wkly!$C:$C,0),1)=0,"",INDEX(data_wkly!Z:Z,MATCH($B21,data_wkly!$C:$C,0),1)),"") -> 2.47 | AA21: =IFERROR(IF(INDEX(data_wkly!AA:AA,MATCH($B21,data_wkly!$C:$C,0),1)=0,"",INDEX(data_wkly!AA:AA,MATCH($B21,data_wkly!$C:$C,0),1)),"") -> 138.25 | AB21: =IFERROR(IF(INDEX(data_wkly!AB:AB,MATCH($B21,data_wkly!$C:$C,0),1)=0,"",INDEX(data_wkly!AB:AB,MATCH($B21,data_wkly!$C:$C,0),1)),"") -> 2.29 | AC21: =IFERROR(IF(INDEX(data_wkly!AC:AC,MATCH($B21,data_wkly!$C:$C,0),1)=0,"",INDEX(data_wkly!AC:AC,MATCH($B21,data_wkly!$C:$C,0),1)),"") -> 137.25 | AD21: =IFERROR(IF(INDEX(data_wkly!AD:AD,MATCH($B21,data_wkly!$C:$C,0),1)=0,"",INDEX(data_wkly!AD:AD,MATCH($B21,data_wkly!$C:$C,0),1)),"") -> 2.63 | AE21: =IF(W21="","",AO21) -> 1 | AF21: =IFERROR(IF(INDEX(data_wkly!AF:AF,MATCH($B21,data_wkly!$C:$C,0),1)=0,"",INDEX(data_wkly!AF:AF,MATCH($B21,data_wkly!$C:$C,0),1)),"") -> 164.5 | AG21: =IFERROR(IF(AF21="","",INDEX(data_wkly!AG:AG,MATCH($B21,data_wkly!$C:$C,0),1)),"") -> 0.21 | AH21: =IFERROR(IF(INDEX(data_wkly!AH:AH,MATCH($B21,data_wkly!$C:$C,0),1)=0,"",INDEX(data_wkly!AH:AH,MATCH($B21,data_wkly!$C:$C,0),1)),"") -> 154.54667 | AI21: =IFERROR(IF(INDEX(data_wkly!AI:AI,MATCH($B21,data_wkly!$C:$C,0),1)=0,"",INDEX(data_wkly!AI:AI,MATCH($B21,data_wkly!$C:$C,0),1)),"") -> 161.53 | AJ21: =IFERROR(IF(AI21="","",INDEX(data_wkly!AJ:AJ,MATCH($B21,data_wkly!$C:$C,0),1)),"") -> 0.21 | AK21: =IFERROR(IF(INDEX(data_wkly!AK:AK,MATCH($B21,data_wkly!$C:$C,0),1)=0,"",INDEX(data_wkly!AK:AK,MATCH($B21,data_wkly!$C:$C,0),1)),"") -> 151.78333 | AL21: =IFERROR(IF(INDEX(data_wkly!AL:AL,MATCH($B21,data_wkly!$C:$C,0),1)=0,"",INDEX(data_wkly!AL:AL,MATCH($B21,data_wkly!$C:$C,0),1)),"") -> 79.79 | AM21: =IFERROR(IF(INDEX(data_wkly!AM:AM,MATCH($B21,data_wkly!$C:$C,0),1)=0,"",INDEX(data_wkly!AM:AM,MATCH($B21,data_wkly!$C:$C,0),1)),"") -> 11 | AN21: =IF(AF21="","",AO21) -> 1 | AO21: =AO19 -> 1
A22: =IF(C22="","",AO22) -> 2 | B22: =IFERROR(IF(B21+7<=$D$8,B21+7,""),"") -> 41797 | C22: =IFERROR(IF(INDEX(data_wkly!D:D,MATCH($B22,data_wkly!$C:$C,0),1)=0,"",INDEX(data_wkly!D:D,MATCH($B22,data_wkly!$C:$C,0),1)),"") -> 87759 | D22: =IFERROR(IF(INDEX(data_wkly!E:E,MATCH($B22,data_wkly!$C:$C,0),1)=0,"",INDEX(data_wkly!E:E,MATCH($B22,data_wkly!$C:$C,0),1)),"") -> 164.17 | E22: =IF(C22="","",IFERROR(INDEX(data_wkly!F:F,MATCH($B22,data_wkly!$C:$C,0),1),"")) -> -0.05 | F22: =IF(E22="","",IFERROR(IF(INDEX(data_wkly!G:G,MATCH($B22,data_wkly!$C:$C,0),1)=0,"",INDEX(data_wkly!G:G,MATCH($B22,data_wkly!$C:$C,0),1)),"")) | G22: =IFERROR(IF(INDEX(data_wkly!H:H,MATCH($B22,data_wkly!$C:$C,0),1)=0,"",INDEX(data_wkly!H:H,MATCH($B22,data_wkly!$C:$C,0),1)),"") -> 161.23 | H22: =IF(C22="","",IFERROR(INDEX(data_wkly!I:I,MATCH($B22,data_wkly!$C:$C,0),1),"")) -> -0.03 | I22: =IF(H22="","",IFERROR(IF(INDEX(data_wkly!J:J,MATCH($B22,data_wkly!$C:$C,0),1)=0,"",INDEX(data_wkly!J:J,MATCH($B22,data_wkly!$C:$C,0),1)),"")) | J22: =IFERROR(IF(INDEX(data_wkly!K:K,MATCH($B22,data_wkly!$C:$C,0),1)=0,"",INDEX(data_wkly!K:K,MATCH($B22,data_wkly!$C:$C,0),1)),"") -> 80.45 | K22: =IFERROR(IF(INDEX(data_wkly!L:L,MATCH($B22,data_wkly!$C:$C,0),1)=0,"",INDEX(data_wkly!L:L,MATCH($B22,data_wkly!$C:$C,0),1)),"") -> 11.2 | M22: =IFERROR(IF(INDEX(data_wkly!M:M,MATCH($B22,data_wkly!$C:$C,0),1)=0,"",INDEX(data_wkly!M:M,MATCH($B22,data_wkly!$C:$C,0),1)),"") -> 74355 | N22: =IFERROR(IF(INDEX(data_wkly!N:N,MATCH($B22,data_wkly!$C:$C,0),1)=0,"",INDEX(data_wkly!N:N,MATCH($B22,data_wkly!$C:$C,0),1)),"") -> 166.024 | O22: =IF(M22="","",IFERROR(INDEX(data_wkly!O:O,MATCH($B22,data_wkly!$C:$C,0),1),"")) -> -0.266 | P22: =IF(M22="","",IFERROR(IF(INDEX(data_wkly!P:P,MATCH($B22,data_wkly!$C:$C,0),1)=0,"",INDEX(data_wkly!P:P,MATCH($B22,data_wkly!$C:$C,0),1)),"")) | Q22: =IFERROR(IF(INDEX(data_wkly!Q:Q,MATCH($B22,data_wkly!$C:$C,0),1)=0,"",INDEX(data_wkly!Q:Q,MATCH($B22,data_wkly!$C:$C,0),1)),"") -> 163.04 | R22: =IF(M22="","",IFERROR(INDEX(data_wkly!R:R,MATCH($B22,data_wkly!$C:$C,0),1),"")) -> -0.27 | S22: =IF(M22="","",IFERROR(IF(INDEX(data_wkly!S:S,MATCH($B22,data_wkly!$C:$C,0),1)=0,"",INDEX(data_wkly!S:S,MATCH($B22,data_wkly!$C:$C,0),1)),"")) | T22: =IFERROR(IF(INDEX(data_wkly!T:T,MATCH($B22,data_wkly!$C:$C,0),1)=0,"",INDEX(data_wkly!T:T,MATCH($B22,data_wkly!$C:$C,0),1)),"") -> 80.23 | U22: =IFERROR(IF(INDEX(data_wkly!U:U,MATCH($B22,data_wkly!$C:$C,0),1)=0,"",INDEX(data_wkly!U:U,MATCH($B22,data_wkly!$C:$C,0),1)),"") -> 11.4 | V22: =IF(M22="","",AO22) -> 2 | W22: =IFERROR(IF(INDEX(data_wkly!W:W,MATCH($B22,data_wkly!$C:$C,0),1)=0,"",INDEX(data_wkly!W:W,MATCH($B22,data_wkly!$C:$C,0),1)),"") -> 136.2429 | X22: =IFERROR(IF(INDEX(data_wkly!X:X,MATCH($B22,data_wkly!$C:$C,0),1)=0,"",INDEX(data_wkly!X:X,MATCH($B22,data_wkly!$C:$C,0),1)),"") -> 1.0318662 | Y22: =IFERROR(IF(INDEX(data_wkly!Y:Y,MATCH($B22,data_wkly!$C:$C,0),1)=0,"",INDEX(data_wkly!Y:Y,MATCH($B22,data_wkly!$C:$C,0),1)),"") -> 136.18 | Z22: =IFERROR(IF(INDEX(data_wkly!Z:Z,MATCH($B22,data_wkly!$C:$C,0),1)=0,"",INDEX(data_wkly!Z:Z,MATCH($B22,data_wkly!$C:$C,0),1)),"") -> 0.98 | AA22: =IFERROR(IF(INDEX(data_wkly!AA:AA,MATCH($B22,data_wkly!$C:$C,0),1)=0,"",INDEX(data_wkly!AA:AA,MATCH($B22,data_wkly!$C:$C,0),1)),"") -> 139.28 | AB22: =IFERROR(IF(INDEX(data_wkly!AB:AB,MATCH($B22,data_wkly!$C:$C,0),1)=0,"",INDEX(data_wkly!AB:AB,MATCH($B22,data_wkly!$C:$C,0),1)),"") -> 1.03 | AC22: =IFERROR(IF(INDEX(data_wkly!AC:AC,MATCH($B22,data_wkly!$C:$C,0),1)=0,"",INDEX(data_wkly!AC:AC,MATCH($B22,data_wkly!$C:$C,0),1)),"") -> 138.3 | AD22: =IFERROR(IF(INDEX(data_wkly!AD:AD,MATCH($B22,data_wkly!$C:$C,0),1)=0,"",INDEX(data_wkly!AD:AD,MATCH($B22,data_wkly!$C:$C,0),1)),"") -> 1.05 | AE22: =IF(W22="","",AO22) -> 2 | AF22: =IFERROR(IF(INDEX(data_wkly!AF:AF,MATCH($B22,data_wkly!$C:$C,0),1)=0,"",INDEX(data_wkly!AF:AF,MATCH($B22,data_wkly!$C:$C,0),1)),"") -> 164.53 | AG22: =IFERROR(IF(AF22="","",INDEX(data_wkly!AG:AG,MATCH($B22,data_wkly!$C:$C,0),1)),"") -> 0.03 | AH22: =IFERROR(IF(INDEX(data_wkly!AH:AH,MATCH($B22,data_wkly!$C:$C,0),1)=0,"",INDEX(data_wkly!AH:AH,MATCH($B22,data_wkly!$C:$C,0),1)),"") -> 155.17 | AI22: =IFERROR(IF(INDEX(data_wkly!AI:AI,MATCH($B22,data_wkly!$C:$C,0),1)=0,"",INDEX(data_wkly!AI:AI,MATCH($B22,data_wkly!$C:$C,0),1)),"") -> 161.57 | AJ22: =IFERROR(IF(AI22="","",INDEX(data_wkly!AJ:AJ,MATCH($B22,data_wkly!$C:$C,0),1)),"") -> 0.04 | AK22: =IFERROR(IF(INDEX(data_wkly!AK:AK,MATCH($B22,data_wkly!$C:$C,0),1)=0,"",INDEX(data_wkly!AK:AK,MATCH($B22,data_wkly!$C:$C,0),1)),"") -> 152.39 | AL22: =IFERROR(IF(INDEX(data_wkly!AL:AL,MATCH($B22,data_wkly!$C:$C,0),1)=0,"",INDEX(data_wkly!AL:AL,MATCH($B22,data_wkly!$C:$C,0),1)),"") -> 79.13 | AM22: =IFERROR(IF(INDEX(data_wkly!AM:AM,MATCH($B22,data_wkly!$C:$C,0),1)=0,"",INDEX(data_wkly!AM:AM,MATCH($B22,data_wkly!$C:$C,0),1)),"") -> 11 | AN22: =IF(AF22="","",AO22) -> 2 | AO22: =AO20 -> 2
A23: =IF(C23="","",AO23) -> 1 | B23: =IFERROR(IF(B22+7<=$D$8,B22+7,""),"") -> 41804 | C23: =IFERROR(IF(INDEX(data_wkly!D:D,MATCH($B23,data_wkly!$C:$C,0),1)=0,"",INDEX(data_wkly!D:D,MATCH($B23,data_wkly!$C:$C,0),1)),"") -> 81390 | D23: =IFERROR(IF(INDEX(data_wkly!E:E,MATCH($B23,data_wkly!$C:$C,0),1)=0,"",INDEX(data_wkly!E:E,MATCH($B23,data_wkly!$C:$C,0),1)),"") -> 164.0182 | E23: =IF(C23="","",IFERROR(INDEX(data_wkly!F:F,MATCH($B23,data_wkly!$C:$C,0),1),"")) -> -0.1518 | F23: =IF(E23="","",IFERROR(IF(INDEX(data_wkly!G:G,MATCH($B23,data_wkly!$C:$C,0),1)=0,"",INDEX(data_wkly!G:G,MATCH($B23,data_wkly!$C:$C,0),1)),"")) | G23: =IFERROR(IF(INDEX(data_wkly!H:H,MATCH($B23,data_wkly!$C:$C,0),1)=0,"",INDEX(data_wkly!H:H,MATCH($B23,data_wkly!$C:$C,0),1)),"") -> 161.07 | H23: =IF(C23="","",IFERROR(INDEX(data_wkly!I:I,MATCH($B23,data_wkly!$C:$C,0),1),"")) -> -0.16 | I23: =IF(H23="","",IFERROR(IF(INDEX(data_wkly!J:J,MATCH($B23,data_wkly!$C:$C,0),1)=0,"",INDEX(data_wkly!J:J,MATCH($B23,data_wkly!$C:$C,0),1)),"")) | J23: =IFERROR(IF(INDEX(data_wkly!K:K,MATCH($B23,data_wkly!$C:$C,0),1)=0,"",INDEX(data_wkly!K:K,MATCH($B23,data_wkly!$C:$C,0),1)),"") -> 80.67 | K23: =IFERROR(IF(INDEX(data_wkly!L:L,MATCH($B23,data_wkly!$C:$C,0),1)=0,"",INDEX(data_wkly!L:L,MATCH($B23,data_wkly!$C:$C,0),1)),"") -> 11.2 | M23: =IFERROR(IF(INDEX(data_wkly!M:M,MATCH($B23,data_wkly!$C:$C,0),1)=0,"",INDEX(data_wkly!M:M,MATCH($B23,data_wkly!$C:$C,0),1)),"") -> 71544 | N23: =IFERROR(IF(INDEX(data_wkly!N:N,MATCH($B23,data_wkly!$C:$C,0),1)=0,"",INDEX(data_wkly!N:N,MATCH($B23,data_wkly!$C:$C,0),1)),"") -> 165.8 | O23: =IF(M23="","",IFERROR(INDEX(data_wkly!O:O,MATCH($B23,data_wkly!$C:$C,0),1),"")) -> -0.224 | P23: =IF(M23="","",IFERROR(IF(INDEX(data_wkly!P:P,MATCH($B23,data_wkly!$C:$C,0),1)=0,"",INDEX(data_wkly!P:P,MATCH($B23,data_wkly!$C:$C,0),1)),"")) | Q23: =IFERROR(IF(INDEX(data_wkly!Q:Q,MATCH($B23,data_wkly!$C:$C,0),1)=0,"",INDEX(data_wkly!Q:Q,MATCH($B23,data_wkly!$C:$C,0),1)),"") -> 162.82 | R23: =IF(M23="","",IFERROR(INDEX(data_wkly!R:R,MATCH($B23,data_wkly!$C:$C,0),1),"")) -> -0.22 | S23: =IF(M23="","",IFERROR(IF(INDEX(data_wkly!S:S,MATCH($B23,data_wkly!$C:$C,0),1)=0,"",INDEX(data_wkly!S:S,MATCH($B23,data_wkly!$C:$C,0),1)),"")) | T23: =IFERROR(IF(INDEX(data_wkly!T:T,MATCH($B23,data_wkly!$C:$C,0),1)=0,"",INDEX(data_wkly!T:T,MATCH($B23,data_wkly!$C:$C,0),1)),"") -> 80.04 | U23: =IFERROR(IF(INDEX(data_wkly!U:U,MATCH($B23,data_wkly!$C:$C,0),1)=0,"",INDEX(data_wkly!U:U,MATCH($B23,data_wkly!$C:$C,0),1)),"") -> 11.4 | V23: =IF(M23="","",AO23) -> 1 | W23: =IFERROR(IF(INDEX(data_wkly!W:W,MATCH($B23,data_wkly!$C:$C,0),1)=0,"",INDEX(data_wkly!W:W,MATCH($B23,data_wkly!$C:$C,0),1)),"") -> 136.829 | X23: =IFERROR(IF(INDEX(data_wkly!X:X,MATCH($B23,data_wkly!$C:$C,0),1)=0,"",INDEX(data_wkly!X:X,MATCH($B23,data_wkly!$C:$C,0),1)),"") -> 0.58612608 | Y23: =IFERROR(IF(INDEX(data_wkly!Y:Y,MATCH($B23,data_wkly!$C:$C,0),1)=0,"",INDEX(data_wkly!Y:Y,MATCH($B23,data_wkly!$C:$C,0),1)),"") -> 136.73 | Z23: =IFERROR(IF(INDEX(data_wkly!Z:Z,MATCH($B23,data_wkly!$C:$C,0),1)=0,"",INDEX(data_wkly!Z:Z,MATCH($B23,data_wkly!$C:$C,0),1)),"") -> 0.55 | AA23: =IFERROR(IF(INDEX(data_wkly!AA:AA,MATCH($B23,data_wkly!$C:$C,0),1)=0,"",INDEX(data_wkly!AA:AA,MATCH($B23,data_wkly!$C:$C,0),1)),"") -> 139.47 | AB23: =IFERROR(IF(INDEX(data_wkly!AB:AB,MATCH($B23,data_wkly!$C:$C,0),1)=0,"",INDEX(data_wkly!AB:AB,MATCH($B23,data_wkly!$C:$C,0),1)),"") -> 0.19 | AC23: =IFERROR(IF(INDEX(data_wkly!AC:AC,MATCH($B23,data_wkly!$C:$C,0),1)=0,"",INDEX(data_wkly!AC:AC,MATCH($B23,data_wkly!$C:$C,0),1)),"") -> 138.46 | AD23: =IFERROR(IF(INDEX(data_wkly!AD:AD,MATCH($B23,data_wkly!$C:$C,0),1)=0,"",INDEX(data_wkly!AD:AD,MATCH($B23,data_wkly!$C:$C,0),1)),"") -> 0.16 | AE23: =IF(W23="","",AO23) -> 1 | AF23: =IFERROR(IF(INDEX(data_wkly!AF:AF,MATCH($B23,data_wkly!$C:$C,0),1)=0,"",INDEX(data_wkly!AF:AF,MATCH($B23,data_wkly!$C:$C,0),1)),"") -> 164.15 | AG23: =IFERROR(IF(AF23="","",INDEX(data_wkly!AG:AG,MATCH($B23,data_wkly!$C:$C,0),1)),"") -> -0.38 | AH23: =IFERROR(IF(INDEX(data_wkly!AH:AH,MATCH($B23,data_wkly!$C:$C,0),1)=0,"",INDEX(data_wkly!AH:AH,MATCH($B23,data_wkly!$C:$C,0),1)),"") -> 155.72 | AI23: =IFERROR(IF(INDEX(data_wkly!AI:AI,MATCH($B23,data_wkly!$C:$C,0),1)=0,"",INDEX(data_wkly!AI:AI,MATCH($B23,data_wkly!$C:$C,0),1)),"") -> 161.19 | AJ23: =IFERROR(IF(AI23="","",INDEX(data_wkly!AJ:AJ,MATCH($B23,data_wkly!$C:$C,0),1)),"") -> -0.38 | AK23: =IFERROR(IF(INDEX(data_wkly!AK:AK,MATCH($B23,data_wkly!$C:$C,0),1)=0,"",INDEX(data_wkly!AK:AK,MATCH($B23,data_wkly!$C:$C,0),1)),"") -> 152.93333 | AL23: =IFERROR(IF(INDEX(data_wkly!AL:AL,MATCH($B23,data_wkly!$C:$C,0),1)=0,"",INDEX(data_wkly!AL:AL,MATCH($B23,data_wkly!$C:$C,0),1)),"") -> 79.45 | AM23: =IFERROR(IF(INDEX(data_wkly!AM:AM,MATCH($B23,data_wkly!$C:$C,0),1)=0,"",INDEX(data_wkly!AM:AM,MATCH($B23,data_wkly!$C:$C,0),1)),"") -> 11.1 | AN23: =IF(AF23="","",AO23) -> 1 | AO23: =AO21 -> 1
A24: =IF(C24="","",AO24) -> 2 | B24: =IFERROR(IF(B23+7<=$D$8,B23+7,""),"") -> 41811 | C24: =IFERROR(IF(INDEX(data_wkly!D:D,MATCH($B24,data_wkly!$C:$C,0),1)=0,"",INDEX(data_wkly!D:D,MATCH($B24,data_wkly!$C:$C,0),1)),"") -> 83129 | D24: =IFERROR(IF(INDEX(data_wkly!E:E,MATCH($B24,data_wkly!$C:$C,0),1)=0,"",INDEX(data_wkly!E:E,MATCH($B24,data_wkly!$C:$C,0),1)),"") -> 163.4397 | E24: =IF(C24="","",IFERROR(INDEX(data_wkly!F:F,MATCH($B24,data_wkly!$C:$C,0),1),"")) -> -0.5785 | F24: =IF(E24="","",IFERROR(IF(INDEX(data_wkly!G:G,MATCH($B24,data_wkly!$C:$C,0),1)=0,"",INDEX(data_wkly!G:G,MATCH($B24,data_wkly!$C:$C,0),1)),"")) | G24: =IFERROR(IF(INDEX(data_wkly!H:H,MATCH($B24,data_wkly!$C:$C,0),1)=0,"",INDEX(data_wkly!H:H,MATCH($B24,data_wkly!$C:$C,0),1)),"") -> 160.5 | H24: =IF(C24="","",IFERROR(INDEX(data_wkly!I:I,MATCH($B24,data_wkly!$C:$C,0),1),"")) -> -0.57 | I24: =IF(H24="","",IFERROR(IF(INDEX(data_wkly!J:J,MATCH($B24,data_wkly!$C:$C,0),1)=0,"",INDEX(data_wkly!J:J,MATCH($B24,data_wkly!$C:$C,0),1)),"")) | J24: =IFERROR(IF(INDEX(data_wkly!K:K,MATCH($B24,data_wkly!$C:$C,0),1)=0,"",INDEX(data_wkly!K:K,MATCH($B24,data_wkly!$C:$C,0),1)),"") -> 80.13 | K24: =IFERROR(IF(INDEX(data_wkly!L:L,MATCH($B24,data_wkly!$C:$C,0),1)=0,"",INDEX(data_wkly!L:L,MATCH($B24,data_wkly!$C:$C,0),1)),"") -> 11.1 | M24: =IFERROR(IF(INDEX(data_wkly!M:M,MATCH($B24,data_wkly!$C:$C,0),1)=0,"",INDEX(data_wkly!M:M,MATCH($B24,data_wkly!$C:$C,0),1)),"") -> 77942 | N24: =IFERROR(IF(INDEX(data_wkly!N:N,MATCH($B24,data_wkly!$C:$C,0),1)=0,"",INDEX(data_wkly!N:N,MATCH($B24,data_wkly!$C:$C,0),1)),"") -> 165.17 | O24: =IF(M24="","",IFERROR(INDEX(data_wkly!O:O,MATCH($B24,data_wkly!$C:$C,0),1),"")) -> -0.63 | P24: =IF(M24="","",IFERROR(IF(INDEX(data_wkly!P:P,MATCH($B24,data_wkly!$C:$C,0),1)=0,"",INDEX(data_wkly!P:P,MATCH($B24,data_wkly!$C:$C,0),1)),"")) | Q24: =IFERROR(IF(INDEX(data_wkly!Q:Q,MATCH($B24,data_wkly!$C:$C,0),1)=0,"",INDEX(data_wkly!Q:Q,MATCH($B24,data_wkly!$C:$C,0),1)),"") -> 162.21 | R24: =IF(M24="","",IFERROR(INDEX(data_wkly!R:R,MATCH($B24,data_wkly!$C:$C,0),1),"")) -> -0.61 | S24: =IF(M24="","",IFERROR(IF(INDEX(data_wkly!S:S,MATCH($B24,data_wkly!$C:$C,0),1)=0,"",INDEX(data_wkly!S:S,MATCH($B24,data_wkly!$C:$C,0),1)),"")) | T24: =IFERROR(IF(INDEX(data_wkly!T:T,MATCH($B24,data_wkly!$C:$C,0),1)=0,"",INDEX(data_wkly!T:T,MATCH($B24,data_wkly!$C:$C,0),1)),"") -> 79.53 | U24: =IFERROR(IF(INDEX(data_wkly!U:U,MATCH($B24,data_wkly!$C:$C,0),1)=0,"",INDEX(data_wkly!U:U,MATCH($B24,data_wkly!$C:$C,0),1)),"") -> 11.2 | V24: =IF(M24="","",AO24) -> 2 | W24: =IFERROR(IF(INDEX(data_wkly!W:W,MATCH($B24,data_wkly!$C:$C,0),1)=0,"",INDEX(data_wkly!W:W,MATCH($B24,data_wkly!$C:$C,0),1)),"") -> 136.9175 | X24: =IFERROR(IF(INDEX(data_wkly!X:X,MATCH($B24,data_wkly!$C:$C,0),1)=0,"",INDEX(data_wkly!X:X,MATCH($B24,data_wkly!$C:$C,0),1)),"") -> 0.088525783 | Y24: =IFERROR(IF(INDEX(data_wkly!Y:Y,MATCH($B24,data_wkly!$C:$C,0),1)=0,"",INDEX(data_wkly!Y:Y,MATCH($B24,data_wkly!$C:$C,0),1)),"") -> 136.9 | Z24: =IFERROR(IF(INDEX(data_wkly!Z:Z,MATCH($B24,data_wkly!$C:$C,0),1)=0,"",INDEX(data_wkly!Z:Z,MATCH($B24,data_wkly!$C:$C,0),1)),"") -> 0.17 | AA24: =IFERROR(IF(INDEX(data_wkly!AA:AA,MATCH($B24,data_wkly!$C:$C,0),1)=0,"",INDEX(data_wkly!AA:AA,MATCH($B24,data_wkly!$C:$C,0),1)),"") -> 139.85 | AB24: =IFERROR(IF(INDEX(data_wkly!AB:AB,MATCH($B24,data_wkly!$C:$C,0),1)=0,"",INDEX(data_wkly!AB:AB,MATCH($B24,data_wkly!$C:$C,0),1)),"") -> 0.38 | AC24: =IFERROR(IF(INDEX(data_wkly!AC:AC,MATCH($B24,data_wkly!$C:$C,0),1)=0,"",INDEX(data_wkly!AC:AC,MATCH($B24,data_wkly!$C:$C,0),1)),"") -> 138.84 | AD24: =IFERROR(IF(INDEX(data_wkly!AD:AD,MATCH($B24,data_wkly!$C:$C,0),1)=0,"",INDEX(data_wkly!AD:AD,MATCH($B24,data_wkly!$C:$C,0),1)),"") -> 0.38 | AE24: =IF(W24="","",AO24) -> 2 | AF24: =IFERROR(IF(INDEX(data_wkly!AF:AF,MATCH($B24,data_wkly!$C:$C,0),1)=0,"",INDEX(data_wkly!AF:AF,MATCH($B24,data_wkly!$C:$C,0),1)),"") -> 163.71 | AG24: =IFERROR(IF(AF24="","",INDEX(data_wkly!AG:AG,MATCH($B24,data_wkly!$C:$C,0),1)),"") -> -0.44 | AH24: =IFERROR(IF(INDEX(data_wkly!AH:AH,MATCH($B24,data_wkly!$C:$C,0),1)=0,"",INDEX(data_wkly!AH:AH,MATCH($B24,data_wkly!$C:$C,0),1)),"") -> 156.59 | AI24: =IFERROR(IF(INDEX(data_wkly!AI:AI,MATCH($B24,data_wkly!$C:$C,0),1)=0,"",INDEX(data_wkly!AI:AI,MATCH($B24,data_wkly!$C:$C,0),1)),"") -> 160.76 | AJ24: =IFERROR(IF(AI24="","",INDEX(data_wkly!AJ:AJ,MATCH($B24,data_wkly!$C:$C,0),1)),"") -> -0.43 | AK24: =IFERROR(IF(INDEX(data_wkly!AK:AK,MATCH($B24,data_wkly!$C:$C,0),1)=0,"",INDEX(data_wkly!AK:AK,MATCH($B24,data_wkly!$C:$C,0),1)),"") -> 153.78333 | AL24: =IFERROR(IF(INDEX(data_wkly!AL:AL,MATCH($B24,data_wkly!$C:$C,0),1)=0,"",INDEX(data_wkly!AL:AL,MATCH($B24,data_wkly!$C:$C,0),1)),"") -> 79.11 | AM24: =IFERROR(IF(INDEX(data_wkly!AM:AM,MATCH($B24,data_wkly!$C:$C,0),1)=0,"",INDEX(data_wkly!AM:AM,MATCH($B24,data_wkly!$C:$C,0),1)),"") -> 10.9 | AN24: =IF(AF24="","",AO24) -> 2 | AO24: =AO22 -> 2
A25: =IF(C25="","",AO25) -> 1 | B25: =IFERROR(IF(B24+7<=$D$8,B24+7,""),"") -> 41818 | C25: =IFERROR(IF(INDEX(data_wkly!D:D,MATCH($B25,data_wkly!$C:$C,0),1)=0,"",INDEX(data_wkly!D:D,MATCH($B25,data_wkly!$C:$C,0),1)),"") -> 81350 | D25: =IFERROR(IF(INDEX(data_wkly!E:E,MATCH($B25,data_wkly!$C:$C,0),1)=0,"",INDEX(data_wkly!E:E,MATCH($B25,data_wkly!$C:$C,0),1)),"") -> 163.57 | E25: =IF(C25="","",IFERROR(INDEX(data_wkly!F:F,MATCH($B25,data_wkly!$C:$C,0),1),"")) -> 0.1303 | F25: =IF(E25="","",IFERROR(IF(INDEX(data_wkly!G:G,MATCH($B25,data_wkly!$C:$C,0),1)=0,"",INDEX(data_wkly!G:G,MATCH($B25,data_wkly!$C:$C,0),1)),"")) | G25: =IFERROR(IF(INDEX(data_wkly!H:H,MATCH($B25,data_wkly!$C:$C,0),1)=0,"",INDEX(data_wkly!H:H,MATCH($B25,data_wkly!$C:$C,0),1)),"") -> 160.63 | H25: =IF(C25="","",IFERROR(INDEX(data_wkly!I:I,MATCH($B25,data_wkly!$C:$C,0),1),"")) -> 0.13 | I25: =IF(H25="","",IFERROR(IF(INDEX(data_wkly!J:J,MATCH($B25,data_wkly!$C:$C,0),1)=0,"",INDEX(data_wkly!J:J,MATCH($B25,data_wkly!$C:$C,0),1)),"")) | J25: =IFERROR(IF(INDEX(data_wkly!K:K,MATCH($B25,data_wkly!$C:$C,0),1)=0,"",INDEX(data_wkly!K:K,MATCH($B25,data_wkly!$C:$C,0),1)),"") -> 80.1 | K25: =IFERROR(IF(INDEX(data_wkly!L:L,MATCH($B25,data_wkly!$C:$C,0),1)=0,"",INDEX(data_wkly!L:L,MATCH($B25,data_wkly!$C:$C,0),1)),"") -> 11.2 | M25: =IFERROR(IF(INDEX(data_wkly!M:M,MATCH($B25,data_wkly!$C:$C,0),1)=0,"",INDEX(data_wkly!M:M,MATCH($B25,data_wkly!$C:$C,0),1)),"") -> 74464 | N25: =IFERROR(IF(INDEX(data_wkly!N:N,MATCH($B25,data_wkly!$C:$C,0),1)=0,"",INDEX(data_wkly!N:N,MATCH($B25,data_wkly!$C:$C,0),1)),"") -> 165.06 | O25: =IF(M25="","",IFERROR(INDEX(data_wkly!O:O,MATCH($B25,data_wkly!$C:$C,0),1),"")) -> -0.11 | P25: =IF(M25="","",IFERROR(IF(INDEX(data_wkly!P:P,MATCH($B25,data_wkly!$C:$C,0),1)=0,"",INDEX(data_wkly!P:P,MATCH($B25,data_wkly!$C:$C,0),1)),"")) | Q25: =IFERROR(IF(INDEX(data_wkly!Q:Q,MATCH($B25,data_wkly!$C:$C,0),1)=0,"",INDEX(data_wkly!Q:Q,MATCH($B25,data_wkly!$C:$C,0),1)),"") -> 162.09 | R25: =IF(M25="","",IFERROR(INDEX(data_wkly!R:R,MATCH($B25,data_wkly!$C:$C,0),1),"")) -> -0.12 | S25: =IF(M25="","",IFERROR(IF(INDEX(data_wkly!S:S,MATCH($B25,data_wkly!$C:$C,0),1)=0,"",INDEX(data_wkly!S:S,MATCH($B25,data_wkly!$C:$C,0),1)),"")) | T25: =IFERROR(IF(INDEX(data_wkly!T:T,MATCH($B25,data_wkly!$C:$C,0),1)=0,"",INDEX(data_wkly!T:T,MATCH($B25,data_wkly!$C:$C,0),1)),"") -> 79.61 | U25: =IFERROR(IF(INDEX(data_wkly!U:U,MATCH($B25,data_wkly!$C:$C,0),1)=0,"",INDEX(data_wkly!U:U,MATCH($B25,data_wkly!$C:$C,0),1)),"") -> 11.3 | V25: =IF(M25="","",AO25) -> 1 | W25: =IFERROR(IF(INDEX(data_wkly!W:W,MATCH($B25,data_wkly!$C:$C,0),1)=0,"",INDEX(data_wkly!W:W,MATCH($B25,data_wkly!$C:$C,0),1)),"") -> 139.449 | X25: =IFERROR(IF(INDEX(data_wkly!X:X,MATCH($B25,data_wkly!$C:$C,0),1)=0,"",INDEX(data_wkly!X:X,MATCH($B25,data_wkly!$C:$C,0),1)),"") -> 2.5314826 | Y25: =IFERROR(IF(INDEX(data_wkly!Y:Y,MATCH($B25,data_wkly!$C:$C,0),1)=0,"",INDEX(data_wkly!Y:Y,MATCH($B25,data_wkly!$C:$C,0),1)),"") -> 139.52 | Z25: =IFERROR(IF(INDEX(data_wkly!Z:Z,MATCH($B25,data_wkly!$C:$C,0),1)=0,"",INDEX(data_wkly!Z:Z,MATCH($B25,data_wkly!$C:$C,0),1)),"") -> 2.62 | AA25: =IFERROR(IF(INDEX(data_wkly!AA:AA,MATCH($B25,data_wkly!$C:$C,0),1)=0,"",INDEX(data_wkly!AA:AA,MATCH($B25,data_wkly!$C:$C,0),1)),"") -> 141.79 | AB25: =IFERROR(IF(INDEX(data_wkly!AB:AB,MATCH($B25,data_wkly!$C:$C,0),1)=0,"",INDEX(data_wkly!AB:AB,MATCH($B25,data_wkly!$C:$C,0),1)),"") -> 1.94 | AC25: =IFERROR(IF(INDEX(data_wkly!AC:AC,MATCH($B25,data_wkly!$C:$C,0),1)=0,"",INDEX(data_wkly!AC:AC,MATCH($B25,data_wkly!$C:$C,0),1)),"") -> 141.11 | AD25: =IFERROR(IF(INDEX(data_wkly!AD:AD,MATCH($B25,data_wkly!$C:$C,0),1)=0,"",INDEX(data_wkly!AD:AD,MATCH($B25,data_wkly!$C:$C,0),1)),"") -> 2.27 | AE25: =IF(W25="","",AO25) -> 1 | AF25: =IFERROR(IF(INDEX(data_wkly!AF:AF,MATCH($B25,data_wkly!$C:$C,0),1)=0,"",INDEX(data_wkly!AF:AF,MATCH($B25,data_wkly!$C:$C,0),1)),"") -> 163.87 | AG25: =IFERROR(IF(AF25="","",INDEX(data_wkly!AG:AG,MATCH($B25,data_wkly!$C:$C,0),1)),"") -> 0.16 | AH25: =IFERROR(IF(INDEX(data_wkly!AH:AH,MATCH($B25,data_wkly!$C:$C,0),1)=0,"",INDEX(data_wkly!AH:AH,MATCH($B25,data_wkly!$C:$C,0),1)),"") -> 156.94333 | AI25: =IFERROR(IF(INDEX(data_wkly!AI:AI,MATCH($B25,data_wkly!$C:$C,0),1)=0,"",INDEX(data_wkly!AI:AI,MATCH($B25,data_wkly!$C:$C,0),1)),"") -> 160.91 | AJ25: =IFERROR(IF(AI25="","",INDEX(data_wkly!AJ:AJ,MATCH($B25,data_wkly!$C:$C,0),1)),"") -> 0.15 | AK25: =IFERROR(IF(INDEX(data_wkly!AK:AK,MATCH($B25,data_wkly!$C:$C,0),1)=0,"",INDEX(data_wkly!AK:AK,MATCH($B25,data_wkly!$C:$C,0),1)),"") -> 154.13333 | AL25: =IFERROR(IF(INDEX(data_wkly!AL:AL,MATCH($B25,data_wkly!$C:$C,0),1)=0,"",INDEX(data_wkly!AL:AL,MATCH($B25,data_wkly!$C:$C,0),1)),"") -> 79.03 | AM25: =IFERROR(IF(INDEX(data_wkly!AM:AM,MATCH($B25,data_wkly!$C:$C,0),1)=0,"",INDEX(data_wkly!AM:AM,MATCH($B25,data_wkly!$C:$C,0),1)),"") -> 11.1 | AN25: =IF(AF25="","",AO25) -> 1 | AO25: =AO23 -> 1
A26: =IF(C26="","",AO26) -> 2 | B26: =IFERROR(IF(B25+7<=$D$8,B25+7,""),"") -> 41825 | C26: =IFERROR(IF(INDEX(data_wkly!D:D,MATCH($B26,data_wkly!$C:$C,0),1)=0,"",INDEX(data_wkly!D:D,MATCH($B26,data_wkly!$C:$C,0),1)),"") -> 80992 | D26: =IFERROR(IF(INDEX(data_wkly!E:E,MATCH($B26,data_wkly!$C:$C,0),1)=0,"",INDEX(data_wkly!E:E,MATCH($B26,data_wkly!$C:$C,0),1)),"") -> 162.86 | E26: =IF(C26="","",IFERROR(INDEX(data_wkly!F:F,MATCH($B26,data_wkly!$C:$C,0),1),"")) -> -0.71 | F26: =IF(E26="","",IFERROR(IF(INDEX(data_wkly!G:G,MATCH($B26,data_wkly!$C:$C,0),1)=0,"",INDEX(data_wkly!G:G,MATCH($B26,data_wkly!$C:$C,0),1)),"")) | G26: =IFERROR(IF(INDEX(data_wkly!H:H,MATCH($B26,data_wkly!$C:$C,0),1)=0,"",INDEX(data_wkly!H:H,MATCH($B26,data_wkly!$C:$C,0),1)),"") -> 159.94 | H26: =IF(C26="","",IFERROR(INDEX(data_wkly!I:I,MATCH($B26,data_wkly!$C:$C,0),1),"")) -> -0.69 | I26: =IF(H26="","",IFERROR(IF(INDEX(data_wkly!J:J,MATCH($B26,data_wkly!$C:$C,0),1)=0,"",INDEX(data_wkly!J:J,MATCH($B26,data_wkly!$C:$C,0),1)),"")) | J26: =IFERROR(IF(INDEX(data_wkly!K:K,MATCH($B26,data_wkly!$C:$C,0),1)=0,"",INDEX(data_wkly!K:K,MATCH($B26,data_wkly!$C:$C,0),1)),"") -> 79.92 | K26: =IFERROR(IF(INDEX(data_wkly!L:L,MATCH($B26,data_wkly!$C:$C,0),1)=0,"",INDEX(data_wkly!L:L,MATCH($B26,data_wkly!$C:$C,0),1)),"") -> 11.1 | M26: =IFERROR(IF(INDEX(data_wkly!M:M,MATCH($B26,data_wkly!$C:$C,0),1)=0,"",INDEX(data_wkly!M:M,MATCH($B26,data_wkly!$C:$C,0),1)),"") -> 74963 | N26: =IFERROR(IF(INDEX(data_wkly!N:N,MATCH($B26,data_wkly!$C:$C,0),1)=0,"",INDEX(data_wkly!N:N,MATCH($B26,data_wkly!$C:$C,0),1)),"") -> 164.6 | O26: =IF(M26="","",IFERROR(INDEX(data_wkly!O:O,MATCH($B26,data_wkly!$C:$C,0),1),"")) -> -0.46 | P26: =IF(M26="","",IFERROR(IF(INDEX(data_wkly!P:P,MATCH($B26,data_wkly!$C:$C,0),1)=0,"",INDEX(data_wkly!P:P,MATCH($B26,data_wkly!$C:$C,0),1)),"")) | Q26: =IFERROR(IF(INDEX(data_wkly!Q:Q,MATCH($B26,data_wkly!$C:$C,0),1)=0,"",INDEX(data_wkly!Q:Q,MATCH($B26,data_wkly!$C:$C,0),1)),"") -> 161.65 | R26: =IF(M26="","",IFERROR(INDEX(data_wkly!R:R,MATCH($B26,data_wkly!$C:$C,0),1),"")) -> -0.44 | S26: =IF(M26="","",IFERROR(IF(INDEX(data_wkly!S:S,MATCH($B26,data_wkly!$C:$C,0),1)=0,"",INDEX(data_wkly!S:S,MATCH($B26,data_wkly!$C:$C,0),1)),"")) | T26: =IFERROR(IF(INDEX(data_wkly!T:T,MATCH($B26,data_wkly!$C:$C,0),1)=0,"",INDEX(data_wkly!T:T,MATCH($B26,data_wkly!$C:$C,0),1)),"") -> 79.01 | U26: =IFERROR(IF(INDEX(data_wkly!U:U,MATCH($B26,data_wkly!$C:$C,0),1)=0,"",INDEX(data_wkly!U:U,MATCH($B26,data_wkly!$C:$C,0),1)),"") -> 11.2 | V26: =IF(M26="","",AO26) -> 2 | W26: =IFERROR(IF(INDEX(data_wkly!W:W,MATCH($B26,data_wkly!$C:$C,0),1)=0,"",INDEX(data_wkly!W:W,MATCH($B26,data_wkly!$C:$C,0),1)),"") -> 139.7059 | X26: =IFERROR(IF(INDEX(data_wkly!X:X,MATCH($B26,data_wkly!$C:$C,0),1)=0,"",INDEX(data_wkly!X:X,MATCH($B26,data_wkly!$C:$C,0),1)),"") -> 0.25694843 | Y26: =IFERROR(IF(INDEX(data_wkly!Y:Y,MATCH($B26,data_wkly!$C:$C,0),1)=0,"",INDEX(data_wkly!Y:Y,MATCH($B26,data_wkly!$C:$C,0),1)),"") -> 139.81 | Z26: =IFERROR(IF(INDEX(data_wkly!Z:Z,MATCH($B26,data_wkly!$C:$C,0),1)=0,"",INDEX(data_wkly!Z:Z,MATCH($B26,data_wkly!$C:$C,0),1)),"") -> 0.29 | AA26: =IFERROR(IF(INDEX(data_wkly!AA:AA,MATCH($B26,data_wkly!$C:$C,0),1)=0,"",INDEX(data_wkly!AA:AA,MATCH($B26,data_wkly!$C:$C,0),1)),"") -> 142.04 | AB26: =IFERROR(IF(INDEX(data_wkly!AB:AB,MATCH($B26,data_wkly!$C:$C,0),1)=0,"",INDEX(data_wkly!AB:AB,MATCH($B26,data_wkly!$C:$C,0),1)),"") -> 0.25 | AC26: =IFERROR(IF(INDEX(data_wkly!AC:AC,MATCH($B26,data_wkly!$C:$C,0),1)=0,"",INDEX(data_wkly!AC:AC,MATCH($B26,data_wkly!$C:$C,0),1)),"") -> 141.41 | AD26: =IFERROR(IF(INDEX(data_wkly!AD:AD,MATCH($B26,data_wkly!$C:$C,0),1)=0,"",INDEX(data_wkly!AD:AD,MATCH($B26,data_wkly!$C:$C,0),1)),"") -> 0.3 | AE26: =IF(W26="","",AO26) -> 2 | AF26: =IFERROR(IF(INDEX(data_wkly!AF:AF,MATCH($B26,data_wkly!$C:$C,0),1)=0,"",INDEX(data_wkly!AF:AF,MATCH($B26,data_wkly!$C:$C,0),1)),"") -> 162.87 | AG26: =IFERROR(IF(AF26="","",INDEX(data_wkly!AG:AG,MATCH($B26,data_wkly!$C:$C,0),1)),"") -> -1 | AH26: =IFERROR(IF(INDEX(data_wkly!AH:AH,MATCH($B26,data_wkly!$C:$C,0),1)=0,"",INDEX(data_wkly!AH:AH,MATCH($B26,data_wkly!$C:$C,0),1)),"") -> 157.26333 | AI26: =IFERROR(IF(INDEX(data_wkly!AI:AI,MATCH($B26,data_wkly!$C:$C,0),1)=0,"",INDEX(data_wkly!AI:AI,MATCH($B26,data_wkly!$C:$C,0),1)),"") -> 159.94 | AJ26: =IFERROR(IF(AI26="","",INDEX(data_wkly!AJ:AJ,MATCH($B26,data_wkly!$C:$C,0),1)),"") -> -0.97 | AK26: =IFERROR(IF(INDEX(data_wkly!AK:AK,MATCH($B26,data_wkly!$C:$C,0),1)=0,"",INDEX(data_wkly!AK:AK,MATCH($B26,data_wkly!$C:$C,0),1)),"") -> 154.44 | AL26: =IFERROR(IF(INDEX(data_wkly!AL:AL,MATCH($B26,data_wkly!$C:$C,0),1)=0,"",INDEX(data_wkly!AL:AL,MATCH($B26,data_wkly!$C:$C,0),1)),"") -> 78.89 | AM26: =IFERROR(IF(INDEX(data_wkly!AM:AM,MATCH($B26,data_wkly!$C:$C,0),1)=0,"",INDEX(data_wkly!AM:AM,MATCH($B26,data_wkly!$C:$C,0),1)),"") -> 11 | AN26: =IF(AF26="","",AO26) -> 2 | AO26: =AO24 -> 2
... A507: =IF(C507="","",AO507) -> 1 | B507: =IFERROR(IF(B506+7<=$D$8,B506+7,""),"") -> 45192 | C507: =IFERROR(IF(INDEX(data_wkly!D:D,MATCH($B507,data_wkly!$C:$C,0),1)=0,"",INDEX(data_wkly!D:D,MATCH($B507,data_wkly!$C:$C,0),1)),"") -> 62974 | D507: =IFERROR(IF(INDEX(data_wkly!E:E,MATCH($B507,data_wkly!$C:$C,0),1)=0,"",INDEX(data_wkly!E:E,MATCH($B507,data_wkly!$C:$C,0),1)),"") -> 223.4638 | E507: =IF(C507="","",IFERROR(INDEX(data_wkly!F:F,MATCH($B507,data_wkly!$C:$C,0),1),"")) -> -0.2802 | F507: =IF(E507="","",IFERROR(IF(INDEX(data_wkly!G:G,MATCH($B507,data_wkly!$C:$C,0),1)=0,"",INDEX(data_wkly!G:G,MATCH($B507,data_wkly!$C:$C,0),1)),"")) -> 171.06807 | G507: =IFERROR(IF(INDEX(data_wkly!H:H,MATCH($B507,data_wkly!$C:$C,0),1)=0,"",INDEX(data_wkly!H:H,MATCH($B507,data_wkly!$C:$C,0),1)),"") -> 219.6419 | H507: =IF(C507="","",IFERROR(INDEX(data_wkly!I:I,MATCH($B507,data_wkly!$C:$C,0),1),"")) -> -0.2871 | I507: =IF(H507="","",IFERROR(IF(INDEX(data_wkly!J:J,MATCH($B507,data_wkly!$C:$C,0),1)=0,"",INDEX(data_wkly!J:J,MATCH($B507,data_wkly!$C:$C,0),1)),"")) -> 168.12553 | J507: =IFERROR(IF(INDEX(data_wkly!K:K,MATCH($B507,data_wkly!$C:$C,0),1)=0,"",INDEX(data_wkly!K:K,MATCH($B507,data_wkly!$C:$C,0),1)),"") -> 89.5293 | K507: =IFERROR(IF(INDEX(data_wkly!L:L,MATCH($B507,data_wkly!$C:$C,0),1)=0,"",INDEX(data_wkly!L:L,MATCH($B507,data_wkly!$C:$C,0),1)),"") -> 11.34 | M507: =IFERROR(IF(INDEX(data_wkly!M:M,MATCH($B507,data_wkly!$C:$C,0),1)=0,"",INDEX(data_wkly!M:M,MATCH($B507,data_wkly!$C:$C,0),1)),"") -> 65026 | N507: =IFERROR(IF(INDEX(data_wkly!N:N,MATCH($B507,data_wkly!$C:$C,0),1)=0,"",INDEX(data_wkly!N:N,MATCH($B507,data_wkly!$C:$C,0),1)),"") -> 223.1812 | O507: =IF(M507="","",IFERROR(INDEX(data_wkly!O:O,MATCH($B507,data_wkly!$C:$C,0),1),"")) -> 0.2454 | P507: =IF(M507="","",IFERROR(IF(INDEX(data_wkly!P:P,MATCH($B507,data_wkly!$C:$C,0),1)=0,"",INDEX(data_wkly!P:P,MATCH($B507,data_wkly!$C:$C,0),1)),"")) -> 174.96863 | Q507: =IFERROR(IF(INDEX(data_wkly!Q:Q,MATCH($B507,data_wkly!$C:$C,0),1)=0,"",INDEX(data_wkly!Q:Q,MATCH($B507,data_wkly!$C:$C,0),1)),"") -> 219.3602 | R507: =IF(M507="","",IFERROR(INDEX(data_wkly!R:R,MATCH($B507,data_wkly!$C:$C,0),1),"")) -> 0.2408 | S507: =IF(M507="","",IFERROR(IF(INDEX(data_wkly!S:S,MATCH($B507,data_wkly!$C:$C,0),1)=0,"",INDEX(data_wkly!S:S,MATCH($B507,data_wkly!$C:$C,0),1)),"")) -> 171.96787 | T507: =IFERROR(IF(INDEX(data_wkly!T:T,MATCH($B507,data_wkly!$C:$C,0),1)=0,"",INDEX(data_wkly!T:T,MATCH($B507,data_wkly!$C:$C,0),1)),"") -> 88.9788 | U507: =IFERROR(IF(INDEX(data_wkly!U:U,MATCH($B507,data_wkly!$C:$C,0),1)=0,"",INDEX(data_wkly!U:U,MATCH($B507,data_wkly!$C:$C,0),1)),"") -> 11.51 | V507: =IF(M507="","",AO507) -> 1 | W507: =IFERROR(IF(INDEX(data_wkly!W:W,MATCH($B507,data_wkly!$C:$C,0),1)=0,"",INDEX(data_wkly!W:W,MATCH($B507,data_wkly!$C:$C,0),1)),"") -> na | X507: =IFERROR(IF(INDEX(data_wkly!X:X,MATCH($B507,data_wkly!$C:$C,0),1)=0,"",INDEX(data_wkly!X:X,MATCH($B507,data_wkly!$C:$C,0),1)),"") -> na | Y507: =IFERROR(IF(INDEX(data_wkly!Y:Y,MATCH($B507,data_wkly!$C:$C,0),1)=0,"",INDEX(data_wkly!Y:Y,MATCH($B507,data_wkly!$C:$C,0),1)),"") -> 197.02 | Z507: =IFERROR(IF(INDEX(data_wkly!Z:Z,MATCH($B507,data_wkly!$C:$C,0),1)=0,"",INDEX(data_wkly!Z:Z,MATCH($B507,data_wkly!$C:$C,0),1)),"") -> 0.59 | AA507: =IFERROR(IF(INDEX(data_wkly!AA:AA,MATCH($B507,data_wkly!$C:$C,0),1)=0,"",INDEX(data_wkly!AA:AA,MATCH($B507,data_wkly!$C:$C,0),1)),"") -> na | AB507: =IFERROR(IF(INDEX(data_wkly!AB:AB,MATCH($B507,data_wkly!$C:$C,0),1)=0,"",INDEX(data_wkly!AB:AB,MATCH($B507,data_wkly!$C:$C,0),1)),"") -> na | AC507: =IFERROR(IF(INDEX(data_wkly!AC:AC,MATCH($B507,data_wkly!$C:$C,0),1)=0,"",INDEX(data_wkly!AC:AC,MATCH($B507,data_wkly!$C:$C,0),1)),"") -> 198.51 | AD507: =IFERROR(IF(INDEX(data_wkly!AD:AD,MATCH($B507,data_wkly!$C:$C,0),1)=0,"",INDEX(data_wkly!AD:AD,MATCH($B507,data_wkly!$C:$C,0),1)),"") -> -0.32 | AE507: =IF(W507="","",AO507) -> 1 | AF507: =IFERROR(IF(INDEX(data_wkly!AF:AF,MATCH($B507,data_wkly!$C:$C,0),1)=0,"",INDEX(data_wkly!AF:AF,MATCH($B507,data_wkly!$C:$C,0),1)),"") | AG507: =IFERROR(IF(AF507="","",INDEX(data_wkly!AG:AG,MATCH($B507,data_wkly!$C:$C,0),1)),"") | AH507: =IFERROR(IF(INDEX(data_wkly!AH:AH,MATCH($B507,data_wkly!$C:$C,0),1)=0,"",INDEX(data_wkly!AH:AH,MATCH($B507,data_wkly!$C:$C,0),1)),"") | AI507: =IFERROR(IF(INDEX(data_wkly!AI:AI,MATCH($B507,data_wkly!$C:$C,0),1)=0,"",INDEX(data_wkly!AI:AI,MATCH($B507,data_wkly!$C:$C,0),1)),"") | AJ507: =IFERROR(IF(AI507="","",INDEX(data_wkly!AJ:AJ,MATCH($B507,data_wkly!$C:$C,0),1)),"") | AK507: =IFERROR(IF(INDEX(data_wkly!AK:AK,MATCH($B507,data_wkly!$C:$C,0),1)=0,"",INDEX(data_wkly!AK:AK,MATCH($B507,data_wkly!$C:$C,0),1)),"") | AL507: =IFERROR(IF(INDEX(data_wkly!AL:AL,MATCH($B507,data_wkly!$C:$C,0),1)=0,"",INDEX(data_wkly!AL:AL,MATCH($B507,data_wkly!$C:$C,0),1)),"") | AM507: =IFERROR(IF(INDEX(data_wkly!AM:AM,MATCH($B507,data_wkly!$C:$C,0),1)=0,"",INDEX(data_wkly!AM:AM,MATCH($B507,data_wkly!$C:$C,0),1)),"") | AN507: =IF(AF507="","",AO507) | AO507: =AO505 -> 1
A508: =IF(C508="","",AO508) -> 2 | B508: =IFERROR(IF(B507+7<=$D$8,B507+7,""),"") -> 45199 | C508: =IFERROR(IF(INDEX(data_wkly!D:D,MATCH($B508,data_wkly!$C:$C,0),1)=0,"",INDEX(data_wkly!D:D,MATCH($B508,data_wkly!$C:$C,0),1)),"") -> 59962 | D508: =IFERROR(IF(INDEX(data_wkly!E:E,MATCH($B508,data_wkly!$C:$C,0),1)=0,"",INDEX(data_wkly!E:E,MATCH($B508,data_wkly!$C:$C,0),1)),"") -> 221.7181 | E508: =IF(C508="","",IFERROR(INDEX(data_wkly!F:F,MATCH($B508,data_wkly!$C:$C,0),1),"")) -> -1.7457 | F508: =IF(E508="","",IFERROR(IF(INDEX(data_wkly!G:G,MATCH($B508,data_wkly!$C:$C,0),1)=0,"",INDEX(data_wkly!G:G,MATCH($B508,data_wkly!$C:$C,0),1)),"")) -> 169.13873 | G508: =IFERROR(IF(INDEX(data_wkly!H:H,MATCH($B508,data_wkly!$C:$C,0),1)=0,"",INDEX(data_wkly!H:H,MATCH($B508,data_wkly!$C:$C,0),1)),"") -> 217.9323 | H508: =IF(C508="","",IFERROR(INDEX(data_wkly!I:I,MATCH($B508,data_wkly!$C:$C,0),1),"")) -> -1.7096 | I508: =IF(H508="","",IFERROR(IF(INDEX(data_wkly!J:J,MATCH($B508,data_wkly!$C:$C,0),1)=0,"",INDEX(data_wkly!J:J,MATCH($B508,data_wkly!$C:$C,0),1)),"")) -> 166.24443 | J508: =IFERROR(IF(INDEX(data_wkly!K:K,MATCH($B508,data_wkly!$C:$C,0),1)=0,"",INDEX(data_wkly!K:K,MATCH($B508,data_wkly!$C:$C,0),1)),"") -> 89.5883 | K508: =IFERROR(IF(INDEX(data_wkly!L:L,MATCH($B508,data_wkly!$C:$C,0),1)=0,"",INDEX(data_wkly!L:L,MATCH($B508,data_wkly!$C:$C,0),1)),"") -> 11.48 | M508: =IFERROR(IF(INDEX(data_wkly!M:M,MATCH($B508,data_wkly!$C:$C,0),1)=0,"",INDEX(data_wkly!M:M,MATCH($B508,data_wkly!$C:$C,0),1)),"") -> 63834 | N508: =IFERROR(IF(INDEX(data_wkly!N:N,MATCH($B508,data_wkly!$C:$C,0),1)=0,"",INDEX(data_wkly!N:N,MATCH($B508,data_wkly!$C:$C,0),1)),"") -> 221.6826 | O508: =IF(M508="","",IFERROR(INDEX(data_wkly!O:O,MATCH($B508,data_wkly!$C:$C,0),1),"")) -> -1.4986 | P508: =IF(M508="","",IFERROR(IF(INDEX(data_wkly!P:P,MATCH($B508,data_wkly!$C:$C,0),1)=0,"",INDEX(data_wkly!P:P,MATCH($B508,data_wkly!$C:$C,0),1)),"")) -> 173.87133 | Q508: =IFERROR(IF(INDEX(data_wkly!Q:Q,MATCH($B508,data_wkly!$C:$C,0),1)=0,"",INDEX(data_wkly!Q:Q,MATCH($B508,data_wkly!$C:$C,0),1)),"") -> 217.8905 | R508: =IF(M508="","",IFERROR(INDEX(data_wkly!R:R,MATCH($B508,data_wkly!$C:$C,0),1),"")) -> -1.4697 | S508: =IF(M508="","",IFERROR(IF(INDEX(data_wkly!S:S,MATCH($B508,data_wkly!$C:$C,0),1)=0,"",INDEX(data_wkly!S:S,MATCH($B508,data_wkly!$C:$C,0),1)),"")) -> 170.8919 | T508: =IFERROR(IF(INDEX(data_wkly!T:T,MATCH($B508,data_wkly!$C:$C,0),1)=0,"",INDEX(data_wkly!T:T,MATCH($B508,data_wkly!$C:$C,0),1)),"") -> 89.1197 | U508: =IFERROR(IF(INDEX(data_wkly!U:U,MATCH($B508,data_wkly!$C:$C,0),1)=0,"",INDEX(data_wkly!U:U,MATCH($B508,data_wkly!$C:$C,0),1)),"") -> 11.78 | V508: =IF(M508="","",AO508) -> 2 | W508: =IFERROR(IF(INDEX(data_wkly!W:W,MATCH($B508,data_wkly!$C:$C,0),1)=0,"",INDEX(data_wkly!W:W,MATCH($B508,data_wkly!$C:$C,0),1)),"") -> na | X508: =IFERROR(IF(INDEX(data_wkly!X:X,MATCH($B508,data_wkly!$C:$C,0),1)=0,"",INDEX(data_wkly!X:X,MATCH($B508,data_wkly!$C:$C,0),1)),"") -> na | Y508: =IFERROR(IF(INDEX(data_wkly!Y:Y,MATCH($B508,data_wkly!$C:$C,0),1)=0,"",INDEX(data_wkly!Y:Y,MATCH($B508,data_wkly!$C:$C,0),1)),"") -> 195.8 | Z508: =IFERROR(IF(INDEX(data_wkly!Z:Z,MATCH($B508,data_wkly!$C:$C,0),1)=0,"",INDEX(data_wkly!Z:Z,MATCH($B508,data_wkly!$C:$C,0),1)),"") -> -1.22 | AA508: =IFERROR(IF(INDEX(data_wkly!AA:AA,MATCH($B508,data_wkly!$C:$C,0),1)=0,"",INDEX(data_wkly!AA:AA,MATCH($B508,data_wkly!$C:$C,0),1)),"") -> na | AB508: =IFERROR(IF(INDEX(data_wkly!AB:AB,MATCH($B508,data_wkly!$C:$C,0),1)=0,"",INDEX(data_wkly!AB:AB,MATCH($B508,data_wkly!$C:$C,0),1)),"") -> na | AC508: 197.23 | AD508: -1.28 | AE508: =IF(W508="","",AO508) -> 2 | AF508: =IFERROR(IF(INDEX(data_wkly!AF:AF,MATCH($B508,data_wkly!$C:$C,0),1)=0,"",INDEX(data_wkly!AF:AF,MATCH($B508,data_wkly!$C:$C,0),1)),"") | AG508: =IFERROR(IF(AF508="","",INDEX(data_wkly!AG:AG,MATCH($B508,data_wkly!$C:$C,0),1)),"") | AH508: =IFERROR(IF(INDEX(data_wkly!AH:AH,MATCH($B508,data_wkly!$C:$C,0),1)=0,"",INDEX(data_wkly!AH:AH,MATCH($B508,data_wkly!$C:$C,0),1)),"") | AI508: =IFERROR(IF(INDEX(data_wkly!AI:AI,MATCH($B508,data_wkly!$C:$C,0),1)=0,"",INDEX(data_wkly!AI:AI,MATCH($B508,data_wkly!$C:$C,0),1)),"") | AJ508: =IFERROR(IF(AI508="","",INDEX(data_wkly!AJ:AJ,MATCH($B508,data_wkly!$C:$C,0),1)),"") | AK508: =IFERROR(IF(INDEX(data_wkly!AK:AK,MATCH($B508,data_wkly!$C:$C,0),1)=0,"",INDEX(data_wkly!AK:AK,MATCH($B508,data_wkly!$C:$C,0),1)),"") | AL508: =IFERROR(IF(INDEX(data_wkly!AL:AL,MATCH($B508,data_wkly!$C:$C,0),1)=0,"",INDEX(data_wkly!AL:AL,MATCH($B508,data_wkly!$C:$C,0),1)),"") | AM508: =IFERROR(IF(INDEX(data_wkly!AM:AM,MATCH($B508,data_wkly!$C:$C,0),1)=0,"",INDEX(data_wkly!AM:AM,MATCH($B508,data_wkly!$C:$C,0),1)),"") | AN508: =IF(AF508="","",AO508) | AO508: =AO506 -> 2
A509: =IF(C509="","",AO509) -> 1 | B509: =IFERROR(IF(B508+7<=$D$8,B508+7,""),"") -> 45206 | C509: =IFERROR(IF(INDEX(data_wkly!D:D,MATCH($B509,data_wkly!$C:$C,0),1)=0,"",INDEX(data_wkly!D:D,MATCH($B509,data_wkly!$C:$C,0),1)),"") -> 64850 | D509: =IFERROR(IF(INDEX(data_wkly!E:E,MATCH($B509,data_wkly!$C:$C,0),1)=0,"",INDEX(data_wkly!E:E,MATCH($B509,data_wkly!$C:$C,0),1)),"") -> 221.7324 | E509: =IF(C509="","",IFERROR(INDEX(data_wkly!F:F,MATCH($B509,data_wkly!$C:$C,0),1),"")) -> 0.0143 | F509: =IF(E509="","",IFERROR(IF(INDEX(data_wkly!G:G,MATCH($B509,data_wkly!$C:$C,0),1)=0,"",INDEX(data_wkly!G:G,MATCH($B509,data_wkly!$C:$C,0),1)),"")) -> 169.79113 | G509: =IFERROR(IF(INDEX(data_wkly!H:H,MATCH($B509,data_wkly!$C:$C,0),1)=0,"",INDEX(data_wkly!H:H,MATCH($B509,data_wkly!$C:$C,0),1)),"") -> 217.9622 | H509: =IF(C509="","",IFERROR(INDEX(data_wkly!I:I,MATCH($B509,data_wkly!$C:$C,0),1),"")) -> 0.0299 | I509: =IF(H509="","",IFERROR(IF(INDEX(data_wkly!J:J,MATCH($B509,data_wkly!$C:$C,0),1)=0,"",INDEX(data_wkly!J:J,MATCH($B509,data_wkly!$C:$C,0),1)),"")) -> 166.88183 | J509: =IFERROR(IF(INDEX(data_wkly!K:K,MATCH($B509,data_wkly!$C:$C,0),1)=0,"",INDEX(data_wkly!K:K,MATCH($B509,data_wkly!$C:$C,0),1)),"") -> 90.3064 | K509: =IFERROR(IF(INDEX(data_wkly!L:L,MATCH($B509,data_wkly!$C:$C,0),1)=0,"",INDEX(data_wkly!L:L,MATCH($B509,data_wkly!$C:$C,0),1)),"") -> 11.54 | M509: =IFERROR(IF(INDEX(data_wkly!M:M,MATCH($B509,data_wkly!$C:$C,0),1)=0,"",INDEX(data_wkly!M:M,MATCH($B509,data_wkly!$C:$C,0),1)),"") -> 66937 | N509: =IFERROR(IF(INDEX(data_wkly!N:N,MATCH($B509,data_wkly!$C:$C,0),1)=0,"",INDEX(data_wkly!N:N,MATCH($B509,data_wkly!$C:$C,0),1)),"") -> 221.0755 | O509: =IF(M509="","",IFERROR(INDEX(data_wkly!O:O,MATCH($B509,data_wkly!$C:$C,0),1),"")) -> -0.6071 | P509: =IF(M509="","",IFERROR(IF(INDEX(data_wkly!P:P,MATCH($B509,data_wkly!$C:$C,0),1)=0,"",INDEX(data_wkly!P:P,MATCH($B509,data_wkly!$C:$C,0),1)),"")) -> 174.14583 | Q509: =IFERROR(IF(INDEX(data_wkly!Q:Q,MATCH($B509,data_wkly!$C:$C,0),1)=0,"",INDEX(data_wkly!Q:Q,MATCH($B509,data_wkly!$C:$C,0),1)),"") -> 217.297 | R509: =IF(M509="","",IFERROR(INDEX(data_wkly!R:R,MATCH($B509,data_wkly!$C:$C,0),1),"")) -> -0.5935 | S509: =IF(M509="","",IFERROR(IF(INDEX(data_wkly!S:S,MATCH($B509,data_wkly!$C:$C,0),1)=0,"",INDEX(data_wkly!S:S,MATCH($B509,data_wkly!$C:$C,0),1)),"")) -> 171.1659 | T509: =IFERROR(IF(INDEX(data_wkly!T:T,MATCH($B509,data_wkly!$C:$C,0),1)=0,"",INDEX(data_wkly!T:T,MATCH($B509,data_wkly!$C:$C,0),1)),"") -> 89.2864 | U509: =IFERROR(IF(INDEX(data_wkly!U:U,MATCH($B509,data_wkly!$C:$C,0),1)=0,"",INDEX(data_wkly!U:U,MATCH($B509,data_wkly!$C:$C,0),1)),"") -> 11.84 | V509: =IF(M509="","",AO509) -> 1 | W509: =IFERROR(IF(INDEX(data_wkly!W:W,MATCH($B509,data_wkly!$C:$C,0),1)=0,"",INDEX(data_wkly!W:W,MATCH($B509,data_wkly!$C:$C,0),1)),"") -> na | X509: =IFERROR(IF(INDEX(data_wkly!X:X,MATCH($B509,data_wkly!$C:$C,0),1)=0,"",INDEX(data_wkly!X:X,MATCH($B509,data_wkly!$C:$C,0),1)),"") -> na | Y509: =IFERROR(IF(INDEX(data_wkly!Y:Y,MATCH($B509,data_wkly!$C:$C,0),1)=0,"",INDEX(data_wkly!Y:Y,MATCH($B509,data_wkly!$C:$C,0),1)),"") -> 193.77 | Z509: =IFERROR(IF(INDEX(data_wkly!Z:Z,MATCH($B509,data_wkly!$C:$C,0),1)=0,"",INDEX(data_wkly!Z:Z,MATCH($B509,data_wkly!$C:$C,0),1)),"") -> -2.03 | AA509: =IFERROR(IF(INDEX(data_wkly!AA:AA,MATCH($B509,data_wkly!$C:$C,0),1)=0,"",INDEX(data_wkly!AA:AA,MATCH($B509,data_wkly!$C:$C,0),1)),"") -> na | AB509: =IFERROR(IF(INDEX(data_wkly!AB:AB,MATCH($B509,data_wkly!$C:$C,0),1)=0,"",INDEX(data_wkly!AB:AB,MATCH($B509,data_wkly!$C:$C,0),1)),"") -> na | AC509: 194.42605 | AD509: -2.8039515 | AE509: =IF(W509="","",AO509) -> 1 | AF509: =IFERROR(IF(INDEX(data_wkly!AF:AF,MATCH($B509,data_wkly!$C:$C,0),1)=0,"",INDEX(data_wkly!AF:AF,MATCH($B509,data_wkly!$C:$C,0),1)),"") | AG509: =IFERROR(IF(AF509="","",INDEX(data_wkly!AG:AG,MATCH($B509,data_wkly!$C:$C,0),1)),"") | AH509: =IFERROR(IF(INDEX(data_wkly!AH:AH,MATCH($B509,data_wkly!$C:$C,0),1)=0,"",INDEX(data_wkly!AH:AH,MATCH($B509,data_wkly!$C:$C,0),1)),"") | AI509: =IFERROR(IF(INDEX(data_wkly!AI:AI,MATCH($B509,data_wkly!$C:$C,0),1)=0,"",INDEX(data_wkly!AI:AI,MATCH($B509,data_wkly!$C:$C,0),1)),"") | AJ509: =IFERROR(IF(AI509="","",INDEX(data_wkly!AJ:AJ,MATCH($B509,data_wkly!$C:$C,0),1)),"") | AK509: =IFERROR(IF(INDEX(data_wkly!AK:AK,MATCH($B509,data_wkly!$C:$C,0),1)=0,"",INDEX(data_wkly!AK:AK,MATCH($B509,data_wkly!$C:$C,0),1)),"") | AL509: =IFERROR(IF(INDEX(data_wkly!AL:AL,MATCH($B509,data_wkly!$C:$C,0),1)=0,"",INDEX(data_wkly!AL:AL,MATCH($B509,data_wkly!$C:$C,0),1)),"") | AM509: =IFERROR(IF(INDEX(data_wkly!AM:AM,MATCH($B509,data_wkly!$C:$C,0),1)=0,"",INDEX(data_wkly!AM:AM,MATCH($B509,data_wkly!$C:$C,0),1)),"") | AN509: =IF(AF509="","",AO509) | AO509: =AO507 -> 1
A510: =IF(C510="","",AO510) -> 2 | B510: =IFERROR(IF(B509+7<=$D$8,B509+7,""),"") -> 45213 | C510: =IFERROR(IF(INDEX(data_wkly!D:D,MATCH($B510,data_wkly!$C:$C,0),1)=0,"",INDEX(data_wkly!D:D,MATCH($B510,data_wkly!$C:$C,0),1)),"") -> 64300 | D510: =IFERROR(IF(INDEX(data_wkly!E:E,MATCH($B510,data_wkly!$C:$C,0),1)=0,"",INDEX(data_wkly!E:E,MATCH($B510,data_wkly!$C:$C,0),1)),"") -> 220.117 | E510: =IF(C510="","",IFERROR(INDEX(data_wkly!F:F,MATCH($B510,data_wkly!$C:$C,0),1),"")) -> -1.6154 | F510: =IF(E510="","",IFERROR(IF(INDEX(data_wkly!G:G,MATCH($B510,data_wkly!$C:$C,0),1)=0,"",INDEX(data_wkly!G:G,MATCH($B510,data_wkly!$C:$C,0),1)),"")) -> 168.0281 | G510: =IFERROR(IF(INDEX(data_wkly!H:H,MATCH($B510,data_wkly!$C:$C,0),1)=0,"",INDEX(data_wkly!H:H,MATCH($B510,data_wkly!$C:$C,0),1)),"") -> 216.3887 | H510: =IF(C510="","",IFERROR(INDEX(data_wkly!I:I,MATCH($B510,data_wkly!$C:$C,0),1),"")) -> -1.5735 | I510: =IF(H510="","",IFERROR(IF(INDEX(data_wkly!J:J,MATCH($B510,data_wkly!$C:$C,0),1)=0,"",INDEX(data_wkly!J:J,MATCH($B510,data_wkly!$C:$C,0),1)),"")) -> 165.15787 | J510: =IFERROR(IF(INDEX(data_wkly!K:K,MATCH($B510,data_wkly!$C:$C,0),1)=0,"",INDEX(data_wkly!K:K,MATCH($B510,data_wkly!$C:$C,0),1)),"") -> 90.5764 | K510: =IFERROR(IF(INDEX(data_wkly!L:L,MATCH($B510,data_wkly!$C:$C,0),1)=0,"",INDEX(data_wkly!L:L,MATCH($B510,data_wkly!$C:$C,0),1)),"") -> 11.65 | M510: =IFERROR(IF(INDEX(data_wkly!M:M,MATCH($B510,data_wkly!$C:$C,0),1)=0,"",INDEX(data_wkly!M:M,MATCH($B510,data_wkly!$C:$C,0),1)),"") -> 66515 | N510: =IFERROR(IF(INDEX(data_wkly!N:N,MATCH($B510,data_wkly!$C:$C,0),1)=0,"",INDEX(data_wkly!N:N,MATCH($B510,data_wkly!$C:$C,0),1)),"") -> 220.0658 | O510: =IF(M510="","",IFERROR(INDEX(data_wkly!O:O,MATCH($B510,data_wkly!$C:$C,0),1),"")) -> -1.0097 | P510: =IF(M510="","",IFERROR(IF(INDEX(data_wkly!P:P,MATCH($B510,data_wkly!$C:$C,0),1)=0,"",INDEX(data_wkly!P:P,MATCH($B510,data_wkly!$C:$C,0),1)),"")) -> 172.8741 | Q510: =IFERROR(IF(INDEX(data_wkly!Q:Q,MATCH($B510,data_wkly!$C:$C,0),1)=0,"",INDEX(data_wkly!Q:Q,MATCH($B510,data_wkly!$C:$C,0),1)),"") -> 216.3002 | R510: =IF(M510="","",IFERROR(INDEX(data_wkly!R:R,MATCH($B510,data_wkly!$C:$C,0),1),"")) -> -0.9968 | S510: =IF(M510="","",IFERROR(IF(INDEX(data_wkly!S:S,MATCH($B510,data_wkly!$C:$C,0),1)=0,"",INDEX(data_wkly!S:S,MATCH($B510,data_wkly!$C:$C,0),1)),"")) -> 169.9289 | T510: =IFERROR(IF(INDEX(data_wkly!T:T,MATCH($B510,data_wkly!$C:$C,0),1)=0,"",INDEX(data_wkly!T:T,MATCH($B510,data_wkly!$C:$C,0),1)),"") -> 90.5 | U510: =IFERROR(IF(INDEX(data_wkly!U:U,MATCH($B510,data_wkly!$C:$C,0),1)=0,"",INDEX(data_wkly!U:U,MATCH($B510,data_wkly!$C:$C,0),1)),"") -> 11.81 | V510: =IF(M510="","",AO510) -> 2 | W510: =IFERROR(IF(INDEX(data_wkly!W:W,MATCH($B510,data_wkly!$C:$C,0),1)=0,"",INDEX(data_wkly!W:W,MATCH($B510,data_wkly!$C:$C,0),1)),"") -> na | X510: =IFERROR(IF(INDEX(data_wkly!X:X,MATCH($B510,data_wkly!$C:$C,0),1)=0,"",INDEX(data_wkly!X:X,MATCH($B510,data_wkly!$C:$C,0),1)),"") -> na | Y510: =IFERROR(IF(INDEX(data_wkly!Y:Y,MATCH($B510,data_wkly!$C:$C,0),1)=0,"",INDEX(data_wkly!Y:Y,MATCH($B510,data_wkly!$C:$C,0),1)),"") -> 189.78 | Z510: =IFERROR(IF(INDEX(data_wkly!Z:Z,MATCH($B510,data_wkly!$C:$C,0),1)=0,"",INDEX(data_wkly!Z:Z,MATCH($B510,data_wkly!$C:$C,0),1)),"") -> -3.99 | AA510: =IFERROR(IF(INDEX(data_wkly!AA:AA,MATCH($B510,data_wkly!$C:$C,0),1)=0,"",INDEX(data_wkly!AA:AA,MATCH($B510,data_wkly!$C:$C,0),1)),"") -> na | AB510: =IFERROR(IF(INDEX(data_wkly!AB:AB,MATCH($B510,data_wkly!$C:$C,0),1)=0,"",INDEX(data_wkly!AB:AB,MATCH($B510,data_wkly!$C:$C,0),1)),"") -> na | AC510: 190.99305 | AD510: -3.432995 | AE510: =IF(W510="","",AO510) -> 2 | AF510: =IFERROR(IF(INDEX(data_wkly!AF:AF,MATCH($B510,data_wkly!$C:$C,0),1)=0,"",INDEX(data_wkly!AF:AF,MATCH($B510,data_wkly!$C:$C,0),1)),"") | AG510: =IFERROR(IF(AF510="","",INDEX(data_wkly!AG:AG,MATCH($B510,data_wkly!$C:$C,0),1)),"") | AH510: =IFERROR(IF(INDEX(data_wkly!AH:AH,MATCH($B510,data_wkly!$C:$C,0),1)=0,"",INDEX(data_wkly!AH:AH,MATCH($B510,data_wkly!$C:$C,0),1)),"") | AI510: =IFERROR(IF(INDEX(data_wkly!AI:AI,MATCH($B510,data_wkly!$C:$C,0),1)=0,"",INDEX(data_wkly!AI:AI,MATCH($B510,data_wkly!$C:$C,0),1)),"") | AJ510: =IFERROR(IF(AI510="","",INDEX(data_wkly!AJ:AJ,MATCH($B510,data_wkly!$C:$C,0),1)),"") | AK510: =IFERROR(IF(INDEX(data_wkly!AK:AK,MATCH($B510,data_wkly!$C:$C,0),1)=0,"",INDEX(data_wkly!AK:AK,MATCH($B510,data_wkly!$C:$C,0),1)),"") | AL510: =IFERROR(IF(INDEX(data_wkly!AL:AL,MATCH($B510,data_wkly!$C:$C,0),1)=0,"",INDEX(data_wkly!AL:AL,MATCH($B510,data_wkly!$C:$C,0),1)),"") | AM510: =IFERROR(IF(INDEX(data_wkly!AM:AM,MATCH($B510,data_wkly!$C:$C,0),1)=0,"",INDEX(data_wkly!AM:AM,MATCH($B510,data_wkly!$C:$C,0),1)),"") | AN510: =IF(AF510="","",AO510) | AO510: =AO508 -> 2
A511: =IF(C511="","",AO511) -> 1 | B511: =IFERROR(IF(B510+7<=$D$8,B510+7,""),"") -> 45220 | C511: =IFERROR(IF(INDEX(data_wkly!D:D,MATCH($B511,data_wkly!$C:$C,0),1)=0,"",INDEX(data_wkly!D:D,MATCH($B511,data_wkly!$C:$C,0),1)),"") -> 63196 | D511: =IFERROR(IF(INDEX(data_wkly!E:E,MATCH($B511,data_wkly!$C:$C,0),1)=0,"",INDEX(data_wkly!E:E,MATCH($B511,data_wkly!$C:$C,0),1)),"") -> 219.6399 | E511: =IF(C511="","",IFERROR(INDEX(data_wkly!F:F,MATCH($B511,data_wkly!$C:$C,0),1),"")) -> -0.4771 | F511: =IF(E511="","",IFERROR(IF(INDEX(data_wkly!G:G,MATCH($B511,data_wkly!$C:$C,0),1)=0,"",INDEX(data_wkly!G:G,MATCH($B511,data_wkly!$C:$C,0),1)),"")) -> 168.42047 | G511: =IFERROR(IF(INDEX(data_wkly!H:H,MATCH($B511,data_wkly!$C:$C,0),1)=0,"",INDEX(data_wkly!H:H,MATCH($B511,data_wkly!$C:$C,0),1)),"") -> 215.9199 | H511: =IF(C511="","",IFERROR(INDEX(data_wkly!I:I,MATCH($B511,data_wkly!$C:$C,0),1),"")) -> -0.4688 | I511: =IF(H511="","",IFERROR(IF(INDEX(data_wkly!J:J,MATCH($B511,data_wkly!$C:$C,0),1)=0,"",INDEX(data_wkly!J:J,MATCH($B511,data_wkly!$C:$C,0),1)),"")) -> 165.53873 | J511: =IFERROR(IF(INDEX(data_wkly!K:K,MATCH($B511,data_wkly!$C:$C,0),1)=0,"",INDEX(data_wkly!K:K,MATCH($B511,data_wkly!$C:$C,0),1)),"") -> 90.5657 | K511: =IFERROR(IF(INDEX(data_wkly!L:L,MATCH($B511,data_wkly!$C:$C,0),1)=0,"",INDEX(data_wkly!L:L,MATCH($B511,data_wkly!$C:$C,0),1)),"") -> 11.7 | M511: =IFERROR(IF(INDEX(data_wkly!M:M,MATCH($B511,data_wkly!$C:$C,0),1)=0,"",INDEX(data_wkly!M:M,MATCH($B511,data_wkly!$C:$C,0),1)),"") -> 67111 | N511: =IFERROR(IF(INDEX(data_wkly!N:N,MATCH($B511,data_wkly!$C:$C,0),1)=0,"",INDEX(data_wkly!N:N,MATCH($B511,data_wkly!$C:$C,0),1)),"") -> 218.4262 | O511: =IF(M511="","",IFERROR(INDEX(data_wkly!O:O,MATCH($B511,data_wkly!$C:$C,0),1),"")) -> -1.6396 | P511: =IF(M511="","",IFERROR(IF(INDEX(data_wkly!P:P,MATCH($B511,data_wkly!$C:$C,0),1)=0,"",INDEX(data_wkly!P:P,MATCH($B511,data_wkly!$C:$C,0),1)),"")) -> 172.8233 | Q511: =IFERROR(IF(INDEX(data_wkly!Q:Q,MATCH($B511,data_wkly!$C:$C,0),1)=0,"",INDEX(data_wkly!Q:Q,MATCH($B511,data_wkly!$C:$C,0),1)),"") -> 214.6959 | R511: =IF(M511="","",IFERROR(INDEX(data_wkly!R:R,MATCH($B511,data_wkly!$C:$C,0),1),"")) -> -1.6043 | S511: =IF(M511="","",IFERROR(IF(INDEX(data_wkly!S:S,MATCH($B511,data_wkly!$C:$C,0),1)=0,"",INDEX(data_wkly!S:S,MATCH($B511,data_wkly!$C:$C,0),1)),"")) -> 169.87133 | T511: =IFERROR(IF(INDEX(data_wkly!T:T,MATCH($B511,data_wkly!$C:$C,0),1)=0,"",INDEX(data_wkly!T:T,MATCH($B511,data_wkly!$C:$C,0),1)),"") -> 89.2083 | U511: =IFERROR(IF(INDEX(data_wkly!U:U,MATCH($B511,data_wkly!$C:$C,0),1)=0,"",INDEX(data_wkly!U:U,MATCH($B511,data_wkly!$C:$C,0),1)),"") -> 11.93 | V511: =IF(M511="","",AO511) -> 1 | W511: =IFERROR(IF(INDEX(data_wkly!W:W,MATCH($B511,data_wkly!$C:$C,0),1)=0,"",INDEX(data_wkly!W:W,MATCH($B511,data_wkly!$C:$C,0),1)),"") -> na | X511: =IFERROR(IF(INDEX(data_wkly!X:X,MATCH($B511,data_wkly!$C:$C,0),1)=0,"",INDEX(data_wkly!X:X,MATCH($B511,data_wkly!$C:$C,0),1)),"") -> na | Y511: =IFERROR(IF(INDEX(data_wkly!Y:Y,MATCH($B511,data_wkly!$C:$C,0),1)=0,"",INDEX(data_wkly!Y:Y,MATCH($B511,data_wkly!$C:$C,0),1)),"") -> 186.98 | Z511: =IFERROR(IF(INDEX(data_wkly!Z:Z,MATCH($B511,data_wkly!$C:$C,0),1)=0,"",INDEX(data_wkly!Z:Z,MATCH($B511,data_wkly!$C:$C,0),1)),"") -> -2.8 | AA511: =IFERROR(IF(INDEX(data_wkly!AA:AA,MATCH($B511,data_wkly!$C:$C,0),1)=0,"",INDEX(data_wkly!AA:AA,MATCH($B511,data_wkly!$C:$C,0),1)),"") -> na | AB511: =IFERROR(IF(INDEX(data_wkly!AB:AB,MATCH($B511,data_wkly!$C:$C,0),1)=0,"",INDEX(data_wkly!AB:AB,MATCH($B511,data_wkly!$C:$C,0),1)),"") -> na | AC511: 188.20951 | AD511: -2.7835484 | AE511: =IF(W511="","",AO511) -> 1 | AF511: =IFERROR(IF(INDEX(data_wkly!AF:AF,MATCH($B511,data_wkly!$C:$C,0),1)=0,"",INDEX(data_wkly!AF:AF,MATCH($B511,data_wkly!$C:$C,0),1)),"") | AG511: =IFERROR(IF(AF511="","",INDEX(data_wkly!AG:AG,MATCH($B511,data_wkly!$C:$C,0),1)),"") | AH511: =IFERROR(IF(INDEX(data_wkly!AH:AH,MATCH($B511,data_wkly!$C:$C,0),1)=0,"",INDEX(data_wkly!AH:AH,MATCH($B511,data_wkly!$C:$C,0),1)),"") | AI511: =IFERROR(IF(INDEX(data_wkly!AI:AI,MATCH($B511,data_wkly!$C:$C,0),1)=0,"",INDEX(data_wkly!AI:AI,MATCH($B511,data_wkly!$C:$C,0),1)),"") | AJ511: =IFERROR(IF(AI511="","",INDEX(data_wkly!AJ:AJ,MATCH($B511,data_wkly!$C:$C,0),1)),"") | AK511: =IFERROR(IF(INDEX(data_wkly!AK:AK,MATCH($B511,data_wkly!$C:$C,0),1)=0,"",INDEX(data_wkly!AK:AK,MATCH($B511,data_wkly!$C:$C,0),1)),"") | AL511: =IFERROR(IF(INDEX(data_wkly!AL:AL,MATCH($B511,data_wkly!$C:$C,0),1)=0,"",INDEX(data_wkly!AL:AL,MATCH($B511,data_wkly!$C:$C,0),1)),"") | AM511: =IFERROR(IF(INDEX(data_wkly!AM:AM,MATCH($B511,data_wkly!$C:$C,0),1)=0,"",INDEX(data_wkly!AM:AM,MATCH($B511,data_wkly!$C:$C,0),1)),"") | AN511: =IF(AF511="","",AO511) | AO511: =AO509 -> 1
A512: =IF(C512="","",AO512) -> 2 | B512: =IFERROR(IF(B511+7<=$D$8,B511+7,""),"") -> 45227 | C512: =IFERROR(IF(INDEX(data_wkly!D:D,MATCH($B512,data_wkly!$C:$C,0),1)=0,"",INDEX(data_wkly!D:D,MATCH($B512,data_wkly!$C:$C,0),1)),"") -> 63062 | D512: =IFERROR(IF(INDEX(data_wkly!E:E,MATCH($B512,data_wkly!$C:$C,0),1)=0,"",INDEX(data_wkly!E:E,MATCH($B512,data_wkly!$C:$C,0),1)),"") -> 218.8773 | E512: =IF(C512="","",IFERROR(INDEX(data_wkly!F:F,MATCH($B512,data_wkly!$C:$C,0),1),"")) -> -0.7626 | F512: =IF(E512="","",IFERROR(IF(INDEX(data_wkly!G:G,MATCH($B512,data_wkly!$C:$C,0),1)=0,"",INDEX(data_wkly!G:G,MATCH($B512,data_wkly!$C:$C,0),1)),"")) -> 167.0108 | G512: =IFERROR(IF(INDEX(data_wkly!H:H,MATCH($B512,data_wkly!$C:$C,0),1)=0,"",INDEX(data_wkly!H:H,MATCH($B512,data_wkly!$C:$C,0),1)),"") -> 215.1565 | H512: =IF(C512="","",IFERROR(INDEX(data_wkly!I:I,MATCH($B512,data_wkly!$C:$C,0),1),"")) -> -0.7634 | I512: =IF(H512="","",IFERROR(IF(INDEX(data_wkly!J:J,MATCH($B512,data_wkly!$C:$C,0),1)=0,"",INDEX(data_wkly!J:J,MATCH($B512,data_wkly!$C:$C,0),1)),"")) -> 164.15647 | J512: =IFERROR(IF(INDEX(data_wkly!K:K,MATCH($B512,data_wkly!$C:$C,0),1)=0,"",INDEX(data_wkly!K:K,MATCH($B512,data_wkly!$C:$C,0),1)),"") -> 90.3769 | K512: =IFERROR(IF(INDEX(data_wkly!L:L,MATCH($B512,data_wkly!$C:$C,0),1)=0,"",INDEX(data_wkly!L:L,MATCH($B512,data_wkly!$C:$C,0),1)),"") -> 11.57 | M512: =IFERROR(IF(INDEX(data_wkly!M:M,MATCH($B512,data_wkly!$C:$C,0),1)=0,"",INDEX(data_wkly!M:M,MATCH($B512,data_wkly!$C:$C,0),1)),"") -> 66557 | N512: =IFERROR(IF(INDEX(data_wkly!N:N,MATCH($B512,data_wkly!$C:$C,0),1)=0,"",INDEX(data_wkly!N:N,MATCH($B512,data_wkly!$C:$C,0),1)),"") -> 218.6206 | O512: =IF(M512="","",IFERROR(INDEX(data_wkly!O:O,MATCH($B512,data_wkly!$C:$C,0),1),"")) -> 0.1944 | P512: =IF(M512="","",IFERROR(IF(INDEX(data_wkly!P:P,MATCH($B512,data_wkly!$C:$C,0),1)=0,"",INDEX(data_wkly!P:P,MATCH($B512,data_wkly!$C:$C,0),1)),"")) -> 171.40567 | Q512: =IFERROR(IF(INDEX(data_wkly!Q:Q,MATCH($B512,data_wkly!$C:$C,0),1)=0,"",INDEX(data_wkly!Q:Q,MATCH($B512,data_wkly!$C:$C,0),1)),"") -> 214.8802 | R512: =IF(M512="","",IFERROR(INDEX(data_wkly!R:R,MATCH($B512,data_wkly!$C:$C,0),1),"")) -> 0.1843 | S512: =IF(M512="","",IFERROR(IF(INDEX(data_wkly!S:S,MATCH($B512,data_wkly!$C:$C,0),1)=0,"",INDEX(data_wkly!S:S,MATCH($B512,data_wkly!$C:$C,0),1)),"")) -> 168.4904 | T512: =IFERROR(IF(INDEX(data_wkly!T:T,MATCH($B512,data_wkly!$C:$C,0),1)=0,"",INDEX(data_wkly!T:T,MATCH($B512,data_wkly!$C:$C,0),1)),"") -> 88.7373 | U512: =IFERROR(IF(INDEX(data_wkly!U:U,MATCH($B512,data_wkly!$C:$C,0),1)=0,"",INDEX(data_wkly!U:U,MATCH($B512,data_wkly!$C:$C,0),1)),"") -> 11.75 | V512: =IF(M512="","",AO512) -> 2 | W512: =IFERROR(IF(INDEX(data_wkly!W:W,MATCH($B512,data_wkly!$C:$C,0),1)=0,"",INDEX(data_wkly!W:W,MATCH($B512,data_wkly!$C:$C,0),1)),"") -> na | X512: =IFERROR(IF(INDEX(data_wkly!X:X,MATCH($B512,data_wkly!$C:$C,0),1)=0,"",INDEX(data_wkly!X:X,MATCH($B512,data_wkly!$C:$C,0),1)),"") -> na | Y512: =IFERROR(IF(INDEX(data_wkly!Y:Y,MATCH($B512,data_wkly!$C:$C,0),1)=0,"",INDEX(data_wkly!Y:Y,MATCH($B512,data_wkly!$C:$C,0),1)),"") -> 185.89 | Z512: =IFERROR(IF(INDEX(data_wkly!Z:Z,MATCH($B512,data_wkly!$C:$C,0),1)=0,"",INDEX(data_wkly!Z:Z,MATCH($B512,data_wkly!$C:$C,0),1)),"") -> -1.09 | AA512: =IFERROR(IF(INDEX(data_wkly!AA:AA,MATCH($B512,data_wkly!$C:$C,0),1)=0,"",INDEX(data_wkly!AA:AA,MATCH($B512,data_wkly!$C:$C,0),1)),"") -> na | AB512: =IFERROR(IF(INDEX(data_wkly!AB:AB,MATCH($B512,data_wkly!$C:$C,0),1)=0,"",INDEX(data_wkly!AB:AB,MATCH($B512,data_wkly!$C:$C,0),1)),"") -> na | AC512: 187.10127 | AD512: -1.1082314 | AE512: =IF(W512="","",AO512) -> 2 | AF512: =IFERROR(IF(INDEX(data_wkly!AF:AF,MATCH($B512,data_wkly!$C:$C,0),1)=0,"",INDEX(data_wkly!AF:AF,MATCH($B512,data_wkly!$C:$C,0),1)),"") | AG512: =IFERROR(IF(AF512="","",INDEX(data_wkly!AG:AG,MATCH($B512,data_wkly!$C:$C,0),1)),"") | AH512: =IFERROR(IF(INDEX(data_wkly!AH:AH,MATCH($B512,data_wkly!$C:$C,0),1)=0,"",INDEX(data_wkly!AH:AH,MATCH($B512,data_wkly!$C:$C,0),1)),"") | AI512: =IFERROR(IF(INDEX(data_wkly!AI:AI,MATCH($B512,data_wkly!$C:$C,0),1)=0,"",INDEX(data_wkly!AI:AI,MATCH($B512,data_wkly!$C:$C,0),1)),"") | AJ512: =IFERROR(IF(AI512="","",INDEX(data_wkly!AJ:AJ,MATCH($B512,data_wkly!$C:$C,0),1)),"") | AK512: =IFERROR(IF(INDEX(data_wkly!AK:AK,MATCH($B512,data_wkly!$C:$C,0),1)=0,"",INDEX(data_wkly!AK:AK,MATCH($B512,data_wkly!$C:$C,0),1)),"") | AL512: =IFERROR(IF(INDEX(data_wkly!AL:AL,MATCH($B512,data_wkly!$C:$C,0),1)=0,"",INDEX(data_wkly!AL:AL,MATCH($B512,data_wkly!$C:$C,0),1)),"") | AM512: =IFERROR(IF(INDEX(data_wkly!AM:AM,MATCH($B512,data_wkly!$C:$C,0),1)=0,"",INDEX(data_wkly!AM:AM,MATCH($B512,data_wkly!$C:$C,0),1)),"") | AN512: =IF(AF512="","",AO512) | AO512: =AO510 -> 2
A513: =IF(C513="","",AO513) -> 1 | B513: =IFERROR(IF(B512+7<=$D$8,B512+7,""),"") -> 45234 | C513: =IFERROR(IF(INDEX(data_wkly!D:D,MATCH($B513,data_wkly!$C:$C,0),1)=0,"",INDEX(data_wkly!D:D,MATCH($B513,data_wkly!$C:$C,0),1)),"") -> 60915 | D513: =IFERROR(IF(INDEX(data_wkly!E:E,MATCH($B513,data_wkly!$C:$C,0),1)=0,"",INDEX(data_wkly!E:E,MATCH($B513,data_wkly!$C:$C,0),1)),"") -> 217.78 | E513: =IF(C513="","",IFERROR(INDEX(data_wkly!F:F,MATCH($B513,data_wkly!$C:$C,0),1),"")) -> -1.0973 | F513: =IF(E513="","",IFERROR(IF(INDEX(data_wkly!G:G,MATCH($B513,data_wkly!$C:$C,0),1)=0,"",INDEX(data_wkly!G:G,MATCH($B513,data_wkly!$C:$C,0),1)),"")) -> 167.39997 | G513: =IFERROR(IF(INDEX(data_wkly!H:H,MATCH($B513,data_wkly!$C:$C,0),1)=0,"",INDEX(data_wkly!H:H,MATCH($B513,data_wkly!$C:$C,0),1)),"") -> 214.0847 | H513: =IF(C513="","",IFERROR(INDEX(data_wkly!I:I,MATCH($B513,data_wkly!$C:$C,0),1),"")) -> -1.0718 | I513: =IF(H513="","",IFERROR(IF(INDEX(data_wkly!J:J,MATCH($B513,data_wkly!$C:$C,0),1)=0,"",INDEX(data_wkly!J:J,MATCH($B513,data_wkly!$C:$C,0),1)),"")) -> 164.54293 | J513: =IFERROR(IF(INDEX(data_wkly!K:K,MATCH($B513,data_wkly!$C:$C,0),1)=0,"",INDEX(data_wkly!K:K,MATCH($B513,data_wkly!$C:$C,0),1)),"") -> 90.413 | K513: =IFERROR(IF(INDEX(data_wkly!L:L,MATCH($B513,data_wkly!$C:$C,0),1)=0,"",INDEX(data_wkly!L:L,MATCH($B513,data_wkly!$C:$C,0),1)),"") -> 11.63 | M513: =IFERROR(IF(INDEX(data_wkly!M:M,MATCH($B513,data_wkly!$C:$C,0),1)=0,"",INDEX(data_wkly!M:M,MATCH($B513,data_wkly!$C:$C,0),1)),"") -> 63576 | N513: =IFERROR(IF(INDEX(data_wkly!N:N,MATCH($B513,data_wkly!$C:$C,0),1)=0,"",INDEX(data_wkly!N:N,MATCH($B513,data_wkly!$C:$C,0),1)),"") -> 217.4106 | O513: =IF(M513="","",IFERROR(INDEX(data_wkly!O:O,MATCH($B513,data_wkly!$C:$C,0),1),"")) -> -1.21 | P513: =IF(M513="","",IFERROR(IF(INDEX(data_wkly!P:P,MATCH($B513,data_wkly!$C:$C,0),1)=0,"",INDEX(data_wkly!P:P,MATCH($B513,data_wkly!$C:$C,0),1)),"")) -> 171.55987 | Q513: =IFERROR(IF(INDEX(data_wkly!Q:Q,MATCH($B513,data_wkly!$C:$C,0),1)=0,"",INDEX(data_wkly!Q:Q,MATCH($B513,data_wkly!$C:$C,0),1)),"") -> 213.6866 | R513: =IF(M513="","",IFERROR(INDEX(data_wkly!R:R,MATCH($B513,data_wkly!$C:$C,0),1),"")) -> -1.1936 | S513: =IF(M513="","",IFERROR(IF(INDEX(data_wkly!S:S,MATCH($B513,data_wkly!$C:$C,0),1)=0,"",INDEX(data_wkly!S:S,MATCH($B513,data_wkly!$C:$C,0),1)),"")) -> 168.64013 | T513: =IFERROR(IF(INDEX(data_wkly!T:T,MATCH($B513,data_wkly!$C:$C,0),1)=0,"",INDEX(data_wkly!T:T,MATCH($B513,data_wkly!$C:$C,0),1)),"") -> 88.86 | U513: =IFERROR(IF(INDEX(data_wkly!U:U,MATCH($B513,data_wkly!$C:$C,0),1)=0,"",INDEX(data_wkly!U:U,MATCH($B513,data_wkly!$C:$C,0),1)),"") -> 11.81 | V513: =IF(M513="","",AO513) -> 1 | W513: =IFERROR(IF(INDEX(data_wkly!W:W,MATCH($B513,data_wkly!$C:$C,0),1)=0,"",INDEX(data_wkly!W:W,MATCH($B513,data_wkly!$C:$C,0),1)),"") -> na | X513: =IFERROR(IF(INDEX(data_wkly!X:X,MATCH($B513,data_wkly!$C:$C,0),1)=0,"",INDEX(data_wkly!X:X,MATCH($B513,data_wkly!$C:$C,0),1)),"") -> na | Y513: =IFERROR(IF(INDEX(data_wkly!Y:Y,MATCH($B513,data_wkly!$C:$C,0),1)=0,"",INDEX(data_wkly!Y:Y,MATCH($B513,data_wkly!$C:$C,0),1)),"") -> 184.79 | Z513: =IFERROR(IF(INDEX(data_wkly!Z:Z,MATCH($B513,data_wkly!$C:$C,0),1)=0,"",INDEX(data_wkly!Z:Z,MATCH($B513,data_wkly!$C:$C,0),1)),"") -> -1.1 | AA513: =IFERROR(IF(INDEX(data_wkly!AA:AA,MATCH($B513,data_wkly!$C:$C,0),1)=0,"",INDEX(data_wkly!AA:AA,MATCH($B513,data_wkly!$C:$C,0),1)),"") -> na | AB513: =IFERROR(IF(INDEX(data_wkly!AB:AB,MATCH($B513,data_wkly!$C:$C,0),1)=0,"",INDEX(data_wkly!AB:AB,MATCH($B513,data_wkly!$C:$C,0),1)),"") -> na | AC513: 185.58325 | AD513: -1.5180189 | AE513: =IF(W513="","",AO513) -> 1 | AF513: =IFERROR(IF(INDEX(data_wkly!AF:AF,MATCH($B513,data_wkly!$C:$C,0),1)=0,"",INDEX(data_wkly!AF:AF,MATCH($B513,data_wkly!$C:$C,0),1)),"") | AG513: =IFERROR(IF(AF513="","",INDEX(data_wkly!AG:AG,MATCH($B513,data_wkly!$C:$C,0),1)),"") | AH513: =IFERROR(IF(INDEX(data_wkly!AH:AH,MATCH($B513,data_wkly!$C:$C,0),1)=0,"",INDEX(data_wkly!AH:AH,MATCH($B513,data_wkly!$C:$C,0),1)),"") | AI513: =IFERROR(IF(INDEX(data_wkly!AI:AI,MATCH($B513,data_wkly!$C:$C,0),1)=0,"",INDEX(data_wkly!AI:AI,MATCH($B513,data_wkly!$C:$C,0),1)),"") | AJ513: =IFERROR(IF(AI513="","",INDEX(data_wkly!AJ:AJ,MATCH($B513,data_wkly!$C:$C,0),1)),"") | AK513: =IFERROR(IF(INDEX(data_wkly!AK:AK,MATCH($B513,data_wkly!$C:$C,0),1)=0,"",INDEX(data_wkly!AK:AK,MATCH($B513,data_wkly!$C:$C,0),1)),"") | AL513: =IFERROR(IF(INDEX(data_wkly!AL:AL,MATCH($B513,data_wkly!$C:$C,0),1)=0,"",INDEX(data_wkly!AL:AL,MATCH($B513,data_wkly!$C:$C,0),1)),"") | AM513: =IFERROR(IF(INDEX(data_wkly!AM:AM,MATCH($B513,data_wkly!$C:$C,0),1)=0,"",INDEX(data_wkly!AM:AM,MATCH($B513,data_wkly!$C:$C,0),1)),"") | AN513: =IF(AF513="","",AO513) | AO513: =AO511 -> 1
A514: =IF(C514="","",AO514) -> 2 | B514: =IFERROR(IF(B513+7<=$D$8,B513+7,""),"") -> 45241 | C514: =IFERROR(IF(INDEX(data_wkly!D:D,MATCH($B514,data_wkly!$C:$C,0),1)=0,"",INDEX(data_wkly!D:D,MATCH($B514,data_wkly!$C:$C,0),1)),"") -> 61052 | D514: =IFERROR(IF(INDEX(data_wkly!E:E,MATCH($B514,data_wkly!$C:$C,0),1)=0,"",INDEX(data_wkly!E:E,MATCH($B514,data_wkly!$C:$C,0),1)),"") -> 217.2441 | E514: =IF(C514="","",IFERROR(INDEX(data_wkly!F:F,MATCH($B514,data_wkly!$C:$C,0),1),"")) -> -0.5359 | F514: =IF(E514="","",IFERROR(IF(INDEX(data_wkly!G:G,MATCH($B514,data_wkly!$C:$C,0),1)=0,"",INDEX(data_wkly!G:G,MATCH($B514,data_wkly!$C:$C,0),1)),"")) -> 166.19497 | G514: =IFERROR(IF(INDEX(data_wkly!H:H,MATCH($B514,data_wkly!$C:$C,0),1)=0,"",INDEX(data_wkly!H:H,MATCH($B514,data_wkly!$C:$C,0),1)),"") -> 213.5749 | H514: =IF(C514="","",IFERROR(INDEX(data_wkly!I:I,MATCH($B514,data_wkly!$C:$C,0),1),"")) -> -0.5098 | I514: =IF(H514="","",IFERROR(IF(INDEX(data_wkly!J:J,MATCH($B514,data_wkly!$C:$C,0),1)=0,"",INDEX(data_wkly!J:J,MATCH($B514,data_wkly!$C:$C,0),1)),"")) -> 163.35897 | J514: =IFERROR(IF(INDEX(data_wkly!K:K,MATCH($B514,data_wkly!$C:$C,0),1)=0,"",INDEX(data_wkly!K:K,MATCH($B514,data_wkly!$C:$C,0),1)),"") -> 91.0483 | K514: =IFERROR(IF(INDEX(data_wkly!L:L,MATCH($B514,data_wkly!$C:$C,0),1)=0,"",INDEX(data_wkly!L:L,MATCH($B514,data_wkly!$C:$C,0),1)),"") -> 11.78 | M514: =IFERROR(IF(INDEX(data_wkly!M:M,MATCH($B514,data_wkly!$C:$C,0),1)=0,"",INDEX(data_wkly!M:M,MATCH($B514,data_wkly!$C:$C,0),1)),"") -> 65594 | N514: =IFERROR(IF(INDEX(data_wkly!N:N,MATCH($B514,data_wkly!$C:$C,0),1)=0,"",INDEX(data_wkly!N:N,MATCH($B514,data_wkly!$C:$C,0),1)),"") -> 216.981 | O514: =IF(M514="","",IFERROR(INDEX(data_wkly!O:O,MATCH($B514,data_wkly!$C:$C,0),1),"")) -> -0.4296 | P514: =IF(M514="","",IFERROR(IF(INDEX(data_wkly!P:P,MATCH($B514,data_wkly!$C:$C,0),1)=0,"",INDEX(data_wkly!P:P,MATCH($B514,data_wkly!$C:$C,0),1)),"")) -> 171.1435 | Q514: =IFERROR(IF(INDEX(data_wkly!Q:Q,MATCH($B514,data_wkly!$C:$C,0),1)=0,"",INDEX(data_wkly!Q:Q,MATCH($B514,data_wkly!$C:$C,0),1)),"") -> 213.2717 | R514: =IF(M514="","",IFERROR(INDEX(data_wkly!R:R,MATCH($B514,data_wkly!$C:$C,0),1),"")) -> -0.4149 | S514: =IF(M514="","",IFERROR(IF(INDEX(data_wkly!S:S,MATCH($B514,data_wkly!$C:$C,0),1)=0,"",INDEX(data_wkly!S:S,MATCH($B514,data_wkly!$C:$C,0),1)),"")) -> 168.2307 | T514: =IFERROR(IF(INDEX(data_wkly!T:T,MATCH($B514,data_wkly!$C:$C,0),1)=0,"",INDEX(data_wkly!T:T,MATCH($B514,data_wkly!$C:$C,0),1)),"") -> 89.25 | U514: =IFERROR(IF(INDEX(data_wkly!U:U,MATCH($B514,data_wkly!$C:$C,0),1)=0,"",INDEX(data_wkly!U:U,MATCH($B514,data_wkly!$C:$C,0),1)),"") -> 11.97 | V514: =IF(M514="","",AO514) -> 2 | W514: =IFERROR(IF(INDEX(data_wkly!W:W,MATCH($B514,data_wkly!$C:$C,0),1)=0,"",INDEX(data_wkly!W:W,MATCH($B514,data_wkly!$C:$C,0),1)),"") -> na | X514: =IFERROR(IF(INDEX(data_wkly!X:X,MATCH($B514,data_wkly!$C:$C,0),1)=0,"",INDEX(data_wkly!X:X,MATCH($B514,data_wkly!$C:$C,0),1)),"") -> na | Y514: =IFERROR(IF(INDEX(data_wkly!Y:Y,MATCH($B514,data_wkly!$C:$C,0),1)=0,"",INDEX(data_wkly!Y:Y,MATCH($B514,data_wkly!$C:$C,0),1)),"") -> 184.88 | Z514: =IFERROR(IF(INDEX(data_wkly!Z:Z,MATCH($B514,data_wkly!$C:$C,0),1)=0,"",INDEX(data_wkly!Z:Z,MATCH($B514,data_wkly!$C:$C,0),1)),"") -> 0.09 | AA514: =IFERROR(IF(INDEX(data_wkly!AA:AA,MATCH($B514,data_wkly!$C:$C,0),1)=0,"",INDEX(data_wkly!AA:AA,MATCH($B514,data_wkly!$C:$C,0),1)),"") -> na | AB514: =IFERROR(IF(INDEX(data_wkly!AB:AB,MATCH($B514,data_wkly!$C:$C,0),1)=0,"",INDEX(data_wkly!AB:AB,MATCH($B514,data_wkly!$C:$C,0),1)),"") -> na | AC514: 184.69245 | AD514: -0.8908045 | AE514: =IF(W514="","",AO514) -> 2 | AF514: =IFERROR(IF(INDEX(data_wkly!AF:AF,MATCH($B514,data_wkly!$C:$C,0),1)=0,"",INDEX(data_wkly!AF:AF,MATCH($B514,data_wkly!$C:$C,0),1)),"") | AG514: =IFERROR(IF(AF514="","",INDEX(data_wkly!AG:AG,MATCH($B514,data_wkly!$C:$C,0),1)),"") | AH514: =IFERROR(IF(INDEX(data_wkly!AH:AH,MATCH($B514,data_wkly!$C:$C,0),1)=0,"",INDEX(data_wkly!AH:AH,MATCH($B514,data_wkly!$C:$C,0),1)),"") | AI514: =IFERROR(IF(INDEX(data_wkly!AI:AI,MATCH($B514,data_wkly!$C:$C,0),1)=0,"",INDEX(data_wkly!AI:AI,MATCH($B514,data_wkly!$C:$C,0),1)),"") | AJ514: =IFERROR(IF(AI514="","",INDEX(data_wkly!AJ:AJ,MATCH($B514,data_wkly!$C:$C,0),1)),"") | AK514: =IFERROR(IF(INDEX(data_wkly!AK:AK,MATCH($B514,data_wkly!$C:$C,0),1)=0,"",INDEX(data_wkly!AK:AK,MATCH($B514,data_wkly!$C:$C,0),1)),"") | AL514: =IFERROR(IF(INDEX(data_wkly!AL:AL,MATCH($B514,data_wkly!$C:$C,0),1)=0,"",INDEX(data_wkly!AL:AL,MATCH($B514,data_wkly!$C:$C,0),1)),"") | AM514: =IFERROR(IF(INDEX(data_wkly!AM:AM,MATCH($B514,data_wkly!$C:$C,0),1)=0,"",INDEX(data_wkly!AM:AM,MATCH($B514,data_wkly!$C:$C,0),1)),"") | AN514: =IF(AF514="","",AO514) | AO514: =AO512 -> 2
A515: =IF(C515="","",AO515) -> 1 | B515: =IFERROR(IF(B514+7<=$D$8,B514+7,""),"") -> 45248 | C515: =IFERROR(IF(INDEX(data_wkly!D:D,MATCH($B515,data_wkly!$C:$C,0),1)=0,"",INDEX(data_wkly!D:D,MATCH($B515,data_wkly!$C:$C,0),1)),"") -> 64980 | D515: =IFERROR(IF(INDEX(data_wkly!E:E,MATCH($B515,data_wkly!$C:$C,0),1)=0,"",INDEX(data_wkly!E:E,MATCH($B515,data_wkly!$C:$C,0),1)),"") -> 217.1535 | E515: =IF(C515="","",IFERROR(INDEX(data_wkly!F:F,MATCH($B515,data_wkly!$C:$C,0),1),"")) -> -0.0906 | F515: =IF(E515="","",IFERROR(IF(INDEX(data_wkly!G:G,MATCH($B515,data_wkly!$C:$C,0),1)=0,"",INDEX(data_wkly!G:G,MATCH($B515,data_wkly!$C:$C,0),1)),"")) -> 166.30803 | G515: =IFERROR(IF(INDEX(data_wkly!H:H,MATCH($B515,data_wkly!$C:$C,0),1)=0,"",INDEX(data_wkly!H:H,MATCH($B515,data_wkly!$C:$C,0),1)),"") -> 213.4755 | H515: =IF(C515="","",IFERROR(INDEX(data_wkly!I:I,MATCH($B515,data_wkly!$C:$C,0),1),"")) -> -0.0994 | I515: =IF(H515="","",IFERROR(IF(INDEX(data_wkly!J:J,MATCH($B515,data_wkly!$C:$C,0),1)=0,"",INDEX(data_wkly!J:J,MATCH($B515,data_wkly!$C:$C,0),1)),"")) -> 163.45907 | J515: =IFERROR(IF(INDEX(data_wkly!K:K,MATCH($B515,data_wkly!$C:$C,0),1)=0,"",INDEX(data_wkly!K:K,MATCH($B515,data_wkly!$C:$C,0),1)),"") -> 90.7763 | K515: =IFERROR(IF(INDEX(data_wkly!L:L,MATCH($B515,data_wkly!$C:$C,0),1)=0,"",INDEX(data_wkly!L:L,MATCH($B515,data_wkly!$C:$C,0),1)),"") -> 11.72 | M515: =IFERROR(IF(INDEX(data_wkly!M:M,MATCH($B515,data_wkly!$C:$C,0),1)=0,"",INDEX(data_wkly!M:M,MATCH($B515,data_wkly!$C:$C,0),1)),"") -> 69366 | N515: =IFERROR(IF(INDEX(data_wkly!N:N,MATCH($B515,data_wkly!$C:$C,0),1)=0,"",INDEX(data_wkly!N:N,MATCH($B515,data_wkly!$C:$C,0),1)),"") -> 216.6777 | O515: =IF(M515="","",IFERROR(INDEX(data_wkly!O:O,MATCH($B515,data_wkly!$C:$C,0),1),"")) -> -0.3033 | P515: =IF(M515="","",IFERROR(IF(INDEX(data_wkly!P:P,MATCH($B515,data_wkly!$C:$C,0),1)=0,"",INDEX(data_wkly!P:P,MATCH($B515,data_wkly!$C:$C,0),1)),"")) -> 171.3509 | Q515: =IFERROR(IF(INDEX(data_wkly!Q:Q,MATCH($B515,data_wkly!$C:$C,0),1)=0,"",INDEX(data_wkly!Q:Q,MATCH($B515,data_wkly!$C:$C,0),1)),"") -> 212.9654 | R515: =IF(M515="","",IFERROR(INDEX(data_wkly!R:R,MATCH($B515,data_wkly!$C:$C,0),1),"")) -> -0.3063 | S515: =IF(M515="","",IFERROR(IF(INDEX(data_wkly!S:S,MATCH($B515,data_wkly!$C:$C,0),1)=0,"",INDEX(data_wkly!S:S,MATCH($B515,data_wkly!$C:$C,0),1)),"")) -> 168.42787 | T515: =IFERROR(IF(INDEX(data_wkly!T:T,MATCH($B515,data_wkly!$C:$C,0),1)=0,"",INDEX(data_wkly!T:T,MATCH($B515,data_wkly!$C:$C,0),1)),"") -> 88.688 | U515: =IFERROR(IF(INDEX(data_wkly!U:U,MATCH($B515,data_wkly!$C:$C,0),1)=0,"",INDEX(data_wkly!U:U,MATCH($B515,data_wkly!$C:$C,0),1)),"") -> 11.89 | V515: =IF(M515="","",AO515) -> 1 | W515: =IFERROR(IF(INDEX(data_wkly!W:W,MATCH($B515,data_wkly!$C:$C,0),1)=0,"",INDEX(data_wkly!W:W,MATCH($B515,data_wkly!$C:$C,0),1)),"") -> na | X515: =IFERROR(IF(INDEX(data_wkly!X:X,MATCH($B515,data_wkly!$C:$C,0),1)=0,"",INDEX(data_wkly!X:X,MATCH($B515,data_wkly!$C:$C,0),1)),"") -> na | Y515: =IFERROR(IF(INDEX(data_wkly!Y:Y,MATCH($B515,data_wkly!$C:$C,0),1)=0,"",INDEX(data_wkly!Y:Y,MATCH($B515,data_wkly!$C:$C,0),1)),"") -> 184.95 | Z515: =IFERROR(IF(INDEX(data_wkly!Z:Z,MATCH($B515,data_wkly!$C:$C,0),1)=0,"",INDEX(data_wkly!Z:Z,MATCH($B515,data_wkly!$C:$C,0),1)),"") -> 0.07 | AA515: =IFERROR(IF(INDEX(data_wkly!AA:AA,MATCH($B515,data_wkly!$C:$C,0),1)=0,"",INDEX(data_wkly!AA:AA,MATCH($B515,data_wkly!$C:$C,0),1)),"") -> na | AB515: =IFERROR(IF(INDEX(data_wkly!AB:AB,MATCH($B515,data_wkly!$C:$C,0),1)=0,"",INDEX(data_wkly!AB:AB,MATCH($B515,data_wkly!$C:$C,0),1)),"") -> na | AC515: 184.25639 | AD515: -0.4360586 | AE515: =IF(W515="","",AO515) -> 1 | AF515: =IFERROR(IF(INDEX(data_wkly!AF:AF,MATCH($B515,data_wkly!$C:$C,0),1)=0,"",INDEX(data_wkly!AF:AF,MATCH($B515,data_wkly!$C:$C,0),1)),"") | AG515: =IFERROR(IF(AF515="","",INDEX(data_wkly!AG:AG,MATCH($B515,data_wkly!$C:$C,0),1)),"") | AH515: =IFERROR(IF(INDEX(data_wkly!AH:AH,MATCH($B515,data_wkly!$C:$C,0),1)=0,"",INDEX(data_wkly!AH:AH,MATCH($B515,data_wkly!$C:$C,0),1)),"") | AI515: =IFERROR(IF(INDEX(data_wkly!AI:AI,MATCH($B515,data_wkly!$C:$C,0),1)=0,"",INDEX(data_wkly!AI:AI,MATCH($B515,data_wkly!$C:$C,0),1)),"") | AJ515: =IFERROR(IF(AI515="","",INDEX(data_wkly!AJ:AJ,MATCH($B515,data_wkly!$C:$C,0),1)),"") | AK515: =IFERROR(IF(INDEX(data_wkly!AK:AK,MATCH($B515,data_wkly!$C:$C,0),1)=0,"",INDEX(data_wkly!AK:AK,MATCH($B515,data_wkly!$C:$C,0),1)),"") | AL515: =IFERROR(IF(INDEX(data_wkly!AL:AL,MATCH($B515,data_wkly!$C:$C,0),1)=0,"",INDEX(data_wkly!AL:AL,MATCH($B515,data_wkly!$C:$C,0),1)),"") | AM515: =IFERROR(IF(INDEX(data_wkly!AM:AM,MATCH($B515,data_wkly!$C:$C,0),1)=0,"",INDEX(data_wkly!AM:AM,MATCH($B515,data_wkly!$C:$C,0),1)),"") | AN515: =IF(AF515="","",AO515) | AO515: =AO513 -> 1
A516: =IF(C516="","",AO516) -> 2 | B516: =IFERROR(IF(B515+7<=$D$8,B515+7,""),"") -> 45255 | C516: =IFERROR(IF(INDEX(data_wkly!D:D,MATCH($B516,data_wkly!$C:$C,0),1)=0,"",INDEX(data_wkly!D:D,MATCH($B516,data_wkly!$C:$C,0),1)),"") -> 65664 | D516: =IFERROR(IF(INDEX(data_wkly!E:E,MATCH($B516,data_wkly!$C:$C,0),1)=0,"",INDEX(data_wkly!E:E,MATCH($B516,data_wkly!$C:$C,0),1)),"") -> 216.5253 | E516: =IF(C516="","",IFERROR(INDEX(data_wkly!F:F,MATCH($B516,data_wkly!$C:$C,0),1),"")) -> -0.6282 | F516: =IF(E516="","",IFERROR(IF(INDEX(data_wkly!G:G,MATCH($B516,data_wkly!$C:$C,0),1)=0,"",INDEX(data_wkly!G:G,MATCH($B516,data_wkly!$C:$C,0),1)),"")) -> 165.3136 | G516: =IFERROR(IF(INDEX(data_wkly!H:H,MATCH($B516,data_wkly!$C:$C,0),1)=0,"",INDEX(data_wkly!H:H,MATCH($B516,data_wkly!$C:$C,0),1)),"") -> 212.8383 | H516: =IF(C516="","",IFERROR(INDEX(data_wkly!I:I,MATCH($B516,data_wkly!$C:$C,0),1),"")) -> -0.6372 | I516: =IF(H516="","",IFERROR(IF(INDEX(data_wkly!J:J,MATCH($B516,data_wkly!$C:$C,0),1)=0,"",INDEX(data_wkly!J:J,MATCH($B516,data_wkly!$C:$C,0),1)),"")) -> 162.48033 | J516: =IFERROR(IF(INDEX(data_wkly!K:K,MATCH($B516,data_wkly!$C:$C,0),1)=0,"",INDEX(data_wkly!K:K,MATCH($B516,data_wkly!$C:$C,0),1)),"") -> 89.9917 | K516: =IFERROR(IF(INDEX(data_wkly!L:L,MATCH($B516,data_wkly!$C:$C,0),1)=0,"",INDEX(data_wkly!L:L,MATCH($B516,data_wkly!$C:$C,0),1)),"") -> 11.66 | M516: =IFERROR(IF(INDEX(data_wkly!M:M,MATCH($B516,data_wkly!$C:$C,0),1)=0,"",INDEX(data_wkly!M:M,MATCH($B516,data_wkly!$C:$C,0),1)),"") -> 69786 | N516: =IFERROR(IF(INDEX(data_wkly!N:N,MATCH($B516,data_wkly!$C:$C,0),1)=0,"",INDEX(data_wkly!N:N,MATCH($B516,data_wkly!$C:$C,0),1)),"") -> 216.1048 | O516: =IF(M516="","",IFERROR(INDEX(data_wkly!O:O,MATCH($B516,data_wkly!$C:$C,0),1),"")) -> -0.5729 | P516: =IF(M516="","",IFERROR(IF(INDEX(data_wkly!P:P,MATCH($B516,data_wkly!$C:$C,0),1)=0,"",INDEX(data_wkly!P:P,MATCH($B516,data_wkly!$C:$C,0),1)),"")) -> 170.3491 | Q516: =IFERROR(IF(INDEX(data_wkly!Q:Q,MATCH($B516,data_wkly!$C:$C,0),1)=0,"",INDEX(data_wkly!Q:Q,MATCH($B516,data_wkly!$C:$C,0),1)),"") -> 212.3944 | R516: =IF(M516="","",IFERROR(INDEX(data_wkly!R:R,MATCH($B516,data_wkly!$C:$C,0),1),"")) -> -0.571 | S516: =IF(M516="","",IFERROR(IF(INDEX(data_wkly!S:S,MATCH($B516,data_wkly!$C:$C,0),1)=0,"",INDEX(data_wkly!S:S,MATCH($B516,data_wkly!$C:$C,0),1)),"")) -> 167.43697 | T516: =IFERROR(IF(INDEX(data_wkly!T:T,MATCH($B516,data_wkly!$C:$C,0),1)=0,"",INDEX(data_wkly!T:T,MATCH($B516,data_wkly!$C:$C,0),1)),"") -> 88.7831 | U516: =IFERROR(IF(INDEX(data_wkly!U:U,MATCH($B516,data_wkly!$C:$C,0),1)=0,"",INDEX(data_wkly!U:U,MATCH($B516,data_wkly!$C:$C,0),1)),"") -> 11.95 | V516: =IF(M516="","",AO516) -> 2 | W516: =IFERROR(IF(INDEX(data_wkly!W:W,MATCH($B516,data_wkly!$C:$C,0),1)=0,"",INDEX(data_wkly!W:W,MATCH($B516,data_wkly!$C:$C,0),1)),"") -> na | X516: =IFERROR(IF(INDEX(data_wkly!X:X,MATCH($B516,data_wkly!$C:$C,0),1)=0,"",INDEX(data_wkly!X:X,MATCH($B516,data_wkly!$C:$C,0),1)),"") -> na | Y516: =IFERROR(IF(INDEX(data_wkly!Y:Y,MATCH($B516,data_wkly!$C:$C,0),1)=0,"",INDEX(data_wkly!Y:Y,MATCH($B516,data_wkly!$C:$C,0),1)),"") -> 185.2 | Z516: =IFERROR(IF(INDEX(data_wkly!Z:Z,MATCH($B516,data_wkly!$C:$C,0),1)=0,"",INDEX(data_wkly!Z:Z,MATCH($B516,data_wkly!$C:$C,0),1)),"") -> 0.25 | AA516: =IFERROR(IF(INDEX(data_wkly!AA:AA,MATCH($B516,data_wkly!$C:$C,0),1)=0,"",INDEX(data_wkly!AA:AA,MATCH($B516,data_wkly!$C:$C,0),1)),"") -> na | AB516: =IFERROR(IF(INDEX(data_wkly!AB:AB,MATCH($B516,data_wkly!$C:$C,0),1)=0,"",INDEX(data_wkly!AB:AB,MATCH($B516,data_wkly!$C:$C,0),1)),"") -> na | AC516: 184.4 | AD516: 0.14360836 | AE516: =IF(W516="","",AO516) -> 2 | AF516: =IFERROR(IF(INDEX(data_wkly!AF:AF,MATCH($B516,data_wkly!$C:$C,0),1)=0,"",INDEX(data_wkly!AF:AF,MATCH($B516,data_wkly!$C:$C,0),1)),"") | AG516: =IFERROR(IF(AF516="","",INDEX(data_wkly!AG:AG,MATCH($B516,data_wkly!$C:$C,0),1)),"") | AH516: =IFERROR(IF(INDEX(data_wkly!AH:AH,MATCH($B516,data_wkly!$C:$C,0),1)=0,"",INDEX(data_wkly!AH:AH,MATCH($B516,data_wkly!$C:$C,0),1)),"") | AI516: =IFERROR(IF(INDEX(data_wkly!AI:AI,MATCH($B516,data_wkly!$C:$C,0),1)=0,"",INDEX(data_wkly!AI:AI,MATCH($B516,data_wkly!$C:$C,0),1)),"") | AJ516: =IFERROR(IF(AI516="","",INDEX(data_wkly!AJ:AJ,MATCH($B516,data_wkly!$C:$C,0),1)),"") | AK516: =IFERROR(IF(INDEX(data_wkly!AK:AK,MATCH($B516,data_wkly!$C:$C,0),1)=0,"",INDEX(data_wkly!AK:AK,MATCH($B516,data_wkly!$C:$C,0),1)),"") | AL516: =IFERROR(IF(INDEX(data_wkly!AL:AL,MATCH($B516,data_wkly!$C:$C,0),1)=0,"",INDEX(data_wkly!AL:AL,MATCH($B516,data_wkly!$C:$C,0),1)),"") | AM516: =IFERROR(IF(INDEX(data_wkly!AM:AM,MATCH($B516,data_wkly!$C:$C,0),1)=0,"",INDEX(data_wkly!AM:AM,MATCH($B516,data_wkly!$C:$C,0),1)),"") | AN516: =IF(AF516="","",AO516) | AO516: =AO514 -> 2
A517: =IF(C517="","",AO517) -> 1 | B517: =IFERROR(IF(B516+7<=$D$8,B516+7,""),"") -> 45262 | C517: =IFERROR(IF(INDEX(data_wkly!D:D,MATCH($B517,data_wkly!$C:$C,0),1)=0,"",INDEX(data_wkly!D:D,MATCH($B517,data_wkly!$C:$C,0),1)),"") -> 68052 | D517: =IFERROR(IF(INDEX(data_wkly!E:E,MATCH($B517,data_wkly!$C:$C,0),1)=0,"",INDEX(data_wkly!E:E,MATCH($B517,data_wkly!$C:$C,0),1)),"") -> 215.9877 | E517: =IF(C517="","",IFERROR(INDEX(data_wkly!F:F,MATCH($B517,data_wkly!$C:$C,0),1),"")) -> -0.5376 | F517: =IF(E517="","",IFERROR(IF(INDEX(data_wkly!G:G,MATCH($B517,data_wkly!$C:$C,0),1)=0,"",INDEX(data_wkly!G:G,MATCH($B517,data_wkly!$C:$C,0),1)),"")) -> 164.54413 | G517: =IFERROR(IF(INDEX(data_wkly!H:H,MATCH($B517,data_wkly!$C:$C,0),1)=0,"",INDEX(data_wkly!H:H,MATCH($B517,data_wkly!$C:$C,0),1)),"") -> 212.2798 | H517: =IF(C517="","",IFERROR(INDEX(data_wkly!I:I,MATCH($B517,data_wkly!$C:$C,0),1),"")) -> -0.5585 | I517: =IF(H517="","",IFERROR(IF(INDEX(data_wkly!J:J,MATCH($B517,data_wkly!$C:$C,0),1)=0,"",INDEX(data_wkly!J:J,MATCH($B517,data_wkly!$C:$C,0),1)),"")) -> 161.7233 | J517: =IFERROR(IF(INDEX(data_wkly!K:K,MATCH($B517,data_wkly!$C:$C,0),1)=0,"",INDEX(data_wkly!K:K,MATCH($B517,data_wkly!$C:$C,0),1)),"") -> 89.0131 | K517: =IFERROR(IF(INDEX(data_wkly!L:L,MATCH($B517,data_wkly!$C:$C,0),1)=0,"",INDEX(data_wkly!L:L,MATCH($B517,data_wkly!$C:$C,0),1)),"") -> 11.58 | M517: =IFERROR(IF(INDEX(data_wkly!M:M,MATCH($B517,data_wkly!$C:$C,0),1)=0,"",INDEX(data_wkly!M:M,MATCH($B517,data_wkly!$C:$C,0),1)),"") -> 68792 | N517: =IFERROR(IF(INDEX(data_wkly!N:N,MATCH($B517,data_wkly!$C:$C,0),1)=0,"",INDEX(data_wkly!N:N,MATCH($B517,data_wkly!$C:$C,0),1)),"") -> 213.9936 | O517: =IF(M517="","",IFERROR(INDEX(data_wkly!O:O,MATCH($B517,data_wkly!$C:$C,0),1),"")) -> -2.1112 | P517: =IF(M517="","",IFERROR(IF(INDEX(data_wkly!P:P,MATCH($B517,data_wkly!$C:$C,0),1)=0,"",INDEX(data_wkly!P:P,MATCH($B517,data_wkly!$C:$C,0),1)),"")) -> 170.12717 | Q517: =IFERROR(IF(INDEX(data_wkly!Q:Q,MATCH($B517,data_wkly!$C:$C,0),1)=0,"",INDEX(data_wkly!Q:Q,MATCH($B517,data_wkly!$C:$C,0),1)),"") -> 210.2899 | R517: =IF(M517="","",IFERROR(INDEX(data_wkly!R:R,MATCH($B517,data_wkly!$C:$C,0),1),"")) -> -2.1045 | S517: =IF(M517="","",IFERROR(IF(INDEX(data_wkly!S:S,MATCH($B517,data_wkly!$C:$C,0),1)=0,"",INDEX(data_wkly!S:S,MATCH($B517,data_wkly!$C:$C,0),1)),"")) -> 167.21677 | T517: =IFERROR(IF(INDEX(data_wkly!T:T,MATCH($B517,data_wkly!$C:$C,0),1)=0,"",INDEX(data_wkly!T:T,MATCH($B517,data_wkly!$C:$C,0),1)),"") -> 87.6251 | U517: =IFERROR(IF(INDEX(data_wkly!U:U,MATCH($B517,data_wkly!$C:$C,0),1)=0,"",INDEX(data_wkly!U:U,MATCH($B517,data_wkly!$C:$C,0),1)),"") -> 11.89 | V517: =IF(M517="","",AO517) -> 1 | W517: =IFERROR(IF(INDEX(data_wkly!W:W,MATCH($B517,data_wkly!$C:$C,0),1)=0,"",INDEX(data_wkly!W:W,MATCH($B517,data_wkly!$C:$C,0),1)),"") -> na | X517: =IFERROR(IF(INDEX(data_wkly!X:X,MATCH($B517,data_wkly!$C:$C,0),1)=0,"",INDEX(data_wkly!X:X,MATCH($B517,data_wkly!$C:$C,0),1)),"") -> na | Y517: =IFERROR(IF(INDEX(data_wkly!Y:Y,MATCH($B517,data_wkly!$C:$C,0),1)=0,"",INDEX(data_wkly!Y:Y,MATCH($B517,data_wkly!$C:$C,0),1)),"") -> 184.05 | Z517: =IFERROR(IF(INDEX(data_wkly!Z:Z,MATCH($B517,data_wkly!$C:$C,0),1)=0,"",INDEX(data_wkly!Z:Z,MATCH($B517,data_wkly!$C:$C,0),1)),"") -> -1.15 | AA517: =IFERROR(IF(INDEX(data_wkly!AA:AA,MATCH($B517,data_wkly!$C:$C,0),1)=0,"",INDEX(data_wkly!AA:AA,MATCH($B517,data_wkly!$C:$C,0),1)),"") -> na | AB517: =IFERROR(IF(INDEX(data_wkly!AB:AB,MATCH($B517,data_wkly!$C:$C,0),1)=0,"",INDEX(data_wkly!AB:AB,MATCH($B517,data_wkly!$C:$C,0),1)),"") -> na | AC517: 183.34 | AD517: -1.06 | AE517: =IF(W517="","",AO517) -> 1 | AF517: =IFERROR(IF(INDEX(data_wkly!AF:AF,MATCH($B517,data_wkly!$C:$C,0),1)=0,"",INDEX(data_wkly!AF:AF,MATCH($B517,data_wkly!$C:$C,0),1)),"") | AG517: =IFERROR(IF(AF517="","",INDEX(data_wkly!AG:AG,MATCH($B517,data_wkly!$C:$C,0),1)),"") | AH517: =IFERROR(IF(INDEX(data_wkly!AH:AH,MATCH($B517,data_wkly!$C:$C,0),1)=0,"",INDEX(data_wkly!AH:AH,MATCH($B517,data_wkly!$C:$C,0),1)),"") | AI517: =IFERROR(IF(INDEX(data_wkly!AI:AI,MATCH($B517,data_wkly!$C:$C,0),1)=0,"",INDEX(data_wkly!AI:AI,MATCH($B517,data_wkly!$C:$C,0),1)),"") | AJ517: =IFERROR(IF(AI517="","",INDEX(data_wkly!AJ:AJ,MATCH($B517,data_wkly!$C:$C,0),1)),"") | AK517: =IFERROR(IF(INDEX(data_wkly!AK:AK,MATCH($B517,data_wkly!$C:$C,0),1)=0,"",INDEX(data_wkly!AK:AK,MATCH($B517,data_wkly!$C:$C,0),1)),"") | AL517: =IFERROR(IF(INDEX(data_wkly!AL:AL,MATCH($B517,data_wkly!$C:$C,0),1)=0,"",INDEX(data_wkly!AL:AL,MATCH($B517,data_wkly!$C:$C,0),1)),"") | AM517: =IFERROR(IF(INDEX(data_wkly!AM:AM,MATCH($B517,data_wkly!$C:$C,0),1)=0,"",INDEX(data_wkly!AM:AM,MATCH($B517,data_wkly!$C:$C,0),1)),"") | AN517: =IF(AF517="","",AO517) | AO517: =AO515 -> 1
A518: =IF(C518="","",AO518) -> 2 | B518: =IFERROR(IF(B517+7<=$D$8,B517+7,""),"") -> 45269 | C518: =IFERROR(IF(INDEX(data_wkly!D:D,MATCH($B518,data_wkly!$C:$C,0),1)=0,"",INDEX(data_wkly!D:D,MATCH($B518,data_wkly!$C:$C,0),1)),"") -> 67417 | D518: =IFERROR(IF(INDEX(data_wkly!E:E,MATCH($B518,data_wkly!$C:$C,0),1)=0,"",INDEX(data_wkly!E:E,MATCH($B518,data_wkly!$C:$C,0),1)),"") -> 215.0524 | E518: =IF(C518="","",IFERROR(INDEX(data_wkly!F:F,MATCH($B518,data_wkly!$C:$C,0),1),"")) -> -0.9353 | F518: =IF(E518="","",IFERROR(IF(INDEX(data_wkly!G:G,MATCH($B518,data_wkly!$C:$C,0),1)=0,"",INDEX(data_wkly!G:G,MATCH($B518,data_wkly!$C:$C,0),1)),"")) -> 163.7189 | G518: =IFERROR(IF(INDEX(data_wkly!H:H,MATCH($B518,data_wkly!$C:$C,0),1)=0,"",INDEX(data_wkly!H:H,MATCH($B518,data_wkly!$C:$C,0),1)),"") -> 211.3422 | H518: =IF(C518="","",IFERROR(INDEX(data_wkly!I:I,MATCH($B518,data_wkly!$C:$C,0),1),"")) -> -0.9376 | I518: =IF(H518="","",IFERROR(IF(INDEX(data_wkly!J:J,MATCH($B518,data_wkly!$C:$C,0),1)=0,"",INDEX(data_wkly!J:J,MATCH($B518,data_wkly!$C:$C,0),1)),"")) -> 160.90093 | J518: =IFERROR(IF(INDEX(data_wkly!K:K,MATCH($B518,data_wkly!$C:$C,0),1)=0,"",INDEX(data_wkly!K:K,MATCH($B518,data_wkly!$C:$C,0),1)),"") -> 88.2136 | K518: =IFERROR(IF(INDEX(data_wkly!L:L,MATCH($B518,data_wkly!$C:$C,0),1)=0,"",INDEX(data_wkly!L:L,MATCH($B518,data_wkly!$C:$C,0),1)),"") -> 11.56 | M518: =IFERROR(IF(INDEX(data_wkly!M:M,MATCH($B518,data_wkly!$C:$C,0),1)=0,"",INDEX(data_wkly!M:M,MATCH($B518,data_wkly!$C:$C,0),1)),"") -> 70244 | N518: =IFERROR(IF(INDEX(data_wkly!N:N,MATCH($B518,data_wkly!$C:$C,0),1)=0,"",INDEX(data_wkly!N:N,MATCH($B518,data_wkly!$C:$C,0),1)),"") -> 215.5042 | O518: =IF(M518="","",IFERROR(INDEX(data_wkly!O:O,MATCH($B518,data_wkly!$C:$C,0),1),"")) -> 1.5106 | P518: =IF(M518="","",IFERROR(IF(INDEX(data_wkly!P:P,MATCH($B518,data_wkly!$C:$C,0),1)=0,"",INDEX(data_wkly!P:P,MATCH($B518,data_wkly!$C:$C,0),1)),"")) -> 169.19353 | Q518: =IFERROR(IF(INDEX(data_wkly!Q:Q,MATCH($B518,data_wkly!$C:$C,0),1)=0,"",INDEX(data_wkly!Q:Q,MATCH($B518,data_wkly!$C:$C,0),1)),"") -> 211.7553 | R518: =IF(M518="","",IFERROR(INDEX(data_wkly!R:R,MATCH($B518,data_wkly!$C:$C,0),1),"")) -> 1.4654 | S518: =IF(M518="","",IFERROR(IF(INDEX(data_wkly!S:S,MATCH($B518,data_wkly!$C:$C,0),1)=0,"",INDEX(data_wkly!S:S,MATCH($B518,data_wkly!$C:$C,0),1)),"")) -> 166.29333 | T518: =IFERROR(IF(INDEX(data_wkly!T:T,MATCH($B518,data_wkly!$C:$C,0),1)=0,"",INDEX(data_wkly!T:T,MATCH($B518,data_wkly!$C:$C,0),1)),"") -> 86.92 | U518: =IFERROR(IF(INDEX(data_wkly!U:U,MATCH($B518,data_wkly!$C:$C,0),1)=0,"",INDEX(data_wkly!U:U,MATCH($B518,data_wkly!$C:$C,0),1)),"") -> 11.81 | V518: =IF(M518="","",AO518) -> 2 | W518: =IFERROR(IF(INDEX(data_wkly!W:W,MATCH($B518,data_wkly!$C:$C,0),1)=0,"",INDEX(data_wkly!W:W,MATCH($B518,data_wkly!$C:$C,0),1)),"") -> na | X518: =IFERROR(IF(INDEX(data_wkly!X:X,MATCH($B518,data_wkly!$C:$C,0),1)=0,"",INDEX(data_wkly!X:X,MATCH($B518,data_wkly!$C:$C,0),1)),"") -> na | Y518: =IFERROR(IF(INDEX(data_wkly!Y:Y,MATCH($B518,data_wkly!$C:$C,0),1)=0,"",INDEX(data_wkly!Y:Y,MATCH($B518,data_wkly!$C:$C,0),1)),"") -> 182.49 | Z518: =IFERROR(IF(INDEX(data_wkly!Z:Z,MATCH($B518,data_wkly!$C:$C,0),1)=0,"",INDEX(data_wkly!Z:Z,MATCH($B518,data_wkly!$C:$C,0),1)),"") -> -1.56 | AA518: =IFERROR(IF(INDEX(data_wkly!AA:AA,MATCH($B518,data_wkly!$C:$C,0),1)=0,"",INDEX(data_wkly!AA:AA,MATCH($B518,data_wkly!$C:$C,0),1)),"") -> na | AB518: =IFERROR(IF(INDEX(data_wkly!AB:AB,MATCH($B518,data_wkly!$C:$C,0),1)=0,"",INDEX(data_wkly!AB:AB,MATCH($B518,data_wkly!$C:$C,0),1)),"") -> na | AC518: 181.68 | AD518: -1.66 | AE518: =IF(W518="","",AO518) -> 2 | AF518: =IFERROR(IF(INDEX(data_wkly!AF:AF,MATCH($B518,data_wkly!$C:$C,0),1)=0,"",INDEX(data_wkly!AF:AF,MATCH($B518,data_wkly!$C:$C,0),1)),"") | AG518: =IFERROR(IF(AF518="","",INDEX(data_wkly!AG:AG,MATCH($B518,data_wkly!$C:$C,0),1)),"") | AH518: =IFERROR(IF(INDEX(data_wkly!AH:AH,MATCH($B518,data_wkly!$C:$C,0),1)=0,"",INDEX(data_wkly!AH:AH,MATCH($B518,data_wkly!$C:$C,0),1)),"") | AI518: =IFERROR(IF(INDEX(data_wkly!AI:AI,MATCH($B518,data_wkly!$C:$C,0),1)=0,"",INDEX(data_wkly!AI:AI,MATCH($B518,data_wkly!$C:$C,0),1)),"") | AJ518: =IFERROR(IF(AI518="","",INDEX(data_wkly!AJ:AJ,MATCH($B518,data_wkly!$C:$C,0),1)),"") | AK518: =IFERROR(IF(INDEX(data_wkly!AK:AK,MATCH($B518,data_wkly!$C:$C,0),1)=0,"",INDEX(data_wkly!AK:AK,MATCH($B518,data_wkly!$C:$C,0),1)),"") | AL518: =IFERROR(IF(INDEX(data_wkly!AL:AL,MATCH($B518,data_wkly!$C:$C,0),1)=0,"",INDEX(data_wkly!AL:AL,MATCH($B518,data_wkly!$C:$C,0),1)),"") | AM518: =IFERROR(IF(INDEX(data_wkly!AM:AM,MATCH($B518,data_wkly!$C:$C,0),1)=0,"",INDEX(data_wkly!AM:AM,MATCH($B518,data_wkly!$C:$C,0),1)),"") | AN518: =IF(AF518="","",AO518) | AO518: =AO516 -> 2
A519: =IF(C519="","",AO519) -> 1 | B519: =IFERROR(IF(B518+7<=$D$8,B518+7,""),"") -> 45276 | C519: =IFERROR(IF(INDEX(data_wkly!D:D,MATCH($B519,data_wkly!$C:$C,0),1)=0,"",INDEX(data_wkly!D:D,MATCH($B519,data_wkly!$C:$C,0),1)),"") -> 65626 | D519: =IFERROR(IF(INDEX(data_wkly!E:E,MATCH($B519,data_wkly!$C:$C,0),1)=0,"",INDEX(data_wkly!E:E,MATCH($B519,data_wkly!$C:$C,0),1)),"") -> 214.653 | E519: =IF(C519="","",IFERROR(INDEX(data_wkly!F:F,MATCH($B519,data_wkly!$C:$C,0),1),"")) -> -0.3994 | F519: =IF(E519="","",IFERROR(IF(INDEX(data_wkly!G:G,MATCH($B519,data_wkly!$C:$C,0),1)=0,"",INDEX(data_wkly!G:G,MATCH($B519,data_wkly!$C:$C,0),1)),"")) -> 163.5968 | G519: =IFERROR(IF(INDEX(data_wkly!H:H,MATCH($B519,data_wkly!$C:$C,0),1)=0,"",INDEX(data_wkly!H:H,MATCH($B519,data_wkly!$C:$C,0),1)),"") -> 210.9376 | H519: =IF(C519="","",IFERROR(INDEX(data_wkly!I:I,MATCH($B519,data_wkly!$C:$C,0),1),"")) -> -0.4046 | I519: =IF(H519="","",IFERROR(IF(INDEX(data_wkly!J:J,MATCH($B519,data_wkly!$C:$C,0),1)=0,"",INDEX(data_wkly!J:J,MATCH($B519,data_wkly!$C:$C,0),1)),"")) -> 160.77553 | J519: =IFERROR(IF(INDEX(data_wkly!K:K,MATCH($B519,data_wkly!$C:$C,0),1)=0,"",INDEX(data_wkly!K:K,MATCH($B519,data_wkly!$C:$C,0),1)),"") -> 88.0405 | K519: =IFERROR(IF(INDEX(data_wkly!L:L,MATCH($B519,data_wkly!$C:$C,0),1)=0,"",INDEX(data_wkly!L:L,MATCH($B519,data_wkly!$C:$C,0),1)),"") -> 11.48 | M519: =IFERROR(IF(INDEX(data_wkly!M:M,MATCH($B519,data_wkly!$C:$C,0),1)=0,"",INDEX(data_wkly!M:M,MATCH($B519,data_wkly!$C:$C,0),1)),"") -> 68762 | N519: =IFERROR(IF(INDEX(data_wkly!N:N,MATCH($B519,data_wkly!$C:$C,0),1)=0,"",INDEX(data_wkly!N:N,MATCH($B519,data_wkly!$C:$C,0),1)),"") -> 214.0738 | O519: =IF(M519="","",IFERROR(INDEX(data_wkly!O:O,MATCH($B519,data_wkly!$C:$C,0),1),"")) -> -1.4304 | P519: =IF(M519="","",IFERROR(IF(INDEX(data_wkly!P:P,MATCH($B519,data_wkly!$C:$C,0),1)=0,"",INDEX(data_wkly!P:P,MATCH($B519,data_wkly!$C:$C,0),1)),"")) -> 168.44953 | Q519: =IFERROR(IF(INDEX(data_wkly!Q:Q,MATCH($B519,data_wkly!$C:$C,0),1)=0,"",INDEX(data_wkly!Q:Q,MATCH($B519,data_wkly!$C:$C,0),1)),"") -> 210.344 | R519: =IF(M519="","",IFERROR(INDEX(data_wkly!R:R,MATCH($B519,data_wkly!$C:$C,0),1),"")) -> -1.4113 | S519: =IF(M519="","",IFERROR(IF(INDEX(data_wkly!S:S,MATCH($B519,data_wkly!$C:$C,0),1)=0,"",INDEX(data_wkly!S:S,MATCH($B519,data_wkly!$C:$C,0),1)),"")) -> 165.54807 | T519: =IFERROR(IF(INDEX(data_wkly!T:T,MATCH($B519,data_wkly!$C:$C,0),1)=0,"",INDEX(data_wkly!T:T,MATCH($B519,data_wkly!$C:$C,0),1)),"") -> 86.1981 | U519: =IFERROR(IF(INDEX(data_wkly!U:U,MATCH($B519,data_wkly!$C:$C,0),1)=0,"",INDEX(data_wkly!U:U,MATCH($B519,data_wkly!$C:$C,0),1)),"") -> 11.67 | V519: =IF(M519="","",AO519) -> 1 | W519: =IFERROR(IF(INDEX(data_wkly!W:W,MATCH($B519,data_wkly!$C:$C,0),1)=0,"",INDEX(data_wkly!W:W,MATCH($B519,data_wkly!$C:$C,0),1)),"") -> na | X519: =IFERROR(IF(INDEX(data_wkly!X:X,MATCH($B519,data_wkly!$C:$C,0),1)=0,"",INDEX(data_wkly!X:X,MATCH($B519,data_wkly!$C:$C,0),1)),"") -> na | Y519: =IFERROR(IF(INDEX(data_wkly!Y:Y,MATCH($B519,data_wkly!$C:$C,0),1)=0,"",INDEX(data_wkly!Y:Y,MATCH($B519,data_wkly!$C:$C,0),1)),"") -> 181.86 | Z519: =IFERROR(IF(INDEX(data_wkly!Z:Z,MATCH($B519,data_wkly!$C:$C,0),1)=0,"",INDEX(data_wkly!Z:Z,MATCH($B519,data_wkly!$C:$C,0),1)),"") -> -0.63 | AA519: =IFERROR(IF(INDEX(data_wkly!AA:AA,MATCH($B519,data_wkly!$C:$C,0),1)=0,"",INDEX(data_wkly!AA:AA,MATCH($B519,data_wkly!$C:$C,0),1)),"") -> na | AB519: =IFERROR(IF(INDEX(data_wkly!AB:AB,MATCH($B519,data_wkly!$C:$C,0),1)=0,"",INDEX(data_wkly!AB:AB,MATCH($B519,data_wkly!$C:$C,0),1)),"") -> na | AC519: 181.97 | AD519: 0.29 | AE519: =IF(W519="","",AO519) -> 1 | AF519: =IFERROR(IF(INDEX(data_wkly!AF:AF,MATCH($B519,data_wkly!$C:$C,0),1)=0,"",INDEX(data_wkly!AF:AF,MATCH($B519,data_wkly!$C:$C,0),1)),"") | AG519: =IFERROR(IF(AF519="","",INDEX(data_wkly!AG:AG,MATCH($B519,data_wkly!$C:$C,0),1)),"") | AH519: =IFERROR(IF(INDEX(data_wkly!AH:AH,MATCH($B519,data_wkly!$C:$C,0),1)=0,"",INDEX(data_wkly!AH:AH,MATCH($B519,data_wkly!$C:$C,0),1)),"") | AI519: =IFERROR(IF(INDEX(data_wkly!AI:AI,MATCH($B519,data_wkly!$C:$C,0),1)=0,"",INDEX(data_wkly!AI:AI,MATCH($B519,data_wkly!$C:$C,0),1)),"") | AJ519: =IFERROR(IF(AI519="","",INDEX(data_wkly!AJ:AJ,MATCH($B519,data_wkly!$C:$C,0),1)),"") | AK519: =IFERROR(IF(INDEX(data_wkly!AK:AK,MATCH($B519,data_wkly!$C:$C,0),1)=0,"",INDEX(data_wkly!AK:AK,MATCH($B519,data_wkly!$C:$C,0),1)),"") | AL519: =IFERROR(IF(INDEX(data_wkly!AL:AL,MATCH($B519,data_wkly!$C:$C,0),1)=0,"",INDEX(data_wkly!AL:AL,MATCH($B519,data_wkly!$C:$C,0),1)),"") | AM519: =IFERROR(IF(INDEX(data_wkly!AM:AM,MATCH($B519,data_wkly!$C:$C,0),1)=0,"",INDEX(data_wkly!AM:AM,MATCH($B519,data_wkly!$C:$C,0),1)),"") | AN519: =IF(AF519="","",AO519) | AO519: =AO517 -> 1
... A526: =IF(C526="","",AO526) -> 2 | B526: =IFERROR(IF(B525+7<=$D$8,B525+7,""),"") -> 45325 | C526: =IFERROR(IF(INDEX(data_wkly!D:D,MATCH($B526,data_wkly!$C:$C,0),1)=0,"",INDEX(data_wkly!D:D,MATCH($B526,data_wkly!$C:$C,0),1)),"") -> 61295 | D526: =IFERROR(IF(INDEX(data_wkly!E:E,MATCH($B526,data_wkly!$C:$C,0),1)=0,"",INDEX(data_wkly!E:E,MATCH($B526,data_wkly!$C:$C,0),1)),"") -> 211.4738 | E526: =IF(C526="","",IFERROR(INDEX(data_wkly!F:F,MATCH($B526,data_wkly!$C:$C,0),1),"")) -> 0.1116 | F526: =IF(E526="","",IFERROR(IF(INDEX(data_wkly!G:G,MATCH($B526,data_wkly!$C:$C,0),1)=0,"",INDEX(data_wkly!G:G,MATCH($B526,data_wkly!$C:$C,0),1)),"")) -> 160.92543 | G526: =IFERROR(IF(INDEX(data_wkly!H:H,MATCH($B526,data_wkly!$C:$C,0),1)=0,"",INDEX(data_wkly!H:H,MATCH($B526,data_wkly!$C:$C,0),1)),"") -> 207.8856 | H526: =IF(C526="","",IFERROR(INDEX(data_wkly!I:I,MATCH($B526,data_wkly!$C:$C,0),1),"")) -> 0.1176 | I526: =IF(H526="","",IFERROR(IF(INDEX(data_wkly!J:J,MATCH($B526,data_wkly!$C:$C,0),1)=0,"",INDEX(data_wkly!J:J,MATCH($B526,data_wkly!$C:$C,0),1)),"")) -> 158.2145 | J526: =IFERROR(IF(INDEX(data_wkly!K:K,MATCH($B526,data_wkly!$C:$C,0),1)=0,"",INDEX(data_wkly!K:K,MATCH($B526,data_wkly!$C:$C,0),1)),"") -> 90.7223 | K526: =IFERROR(IF(INDEX(data_wkly!L:L,MATCH($B526,data_wkly!$C:$C,0),1)=0,"",INDEX(data_wkly!L:L,MATCH($B526,data_wkly!$C:$C,0),1)),"") -> 11.59 | M526: =IFERROR(IF(INDEX(data_wkly!M:M,MATCH($B526,data_wkly!$C:$C,0),1)=0,"",INDEX(data_wkly!M:M,MATCH($B526,data_wkly!$C:$C,0),1)),"") -> 66318 | N526: =IFERROR(IF(INDEX(data_wkly!N:N,MATCH($B526,data_wkly!$C:$C,0),1)=0,"",INDEX(data_wkly!N:N,MATCH($B526,data_wkly!$C:$C,0),1)),"") -> 212.8292 | O526: =IF(M526="","",IFERROR(INDEX(data_wkly!O:O,MATCH($B526,data_wkly!$C:$C,0),1),"")) -> 1.1562 | P526: =IF(M526="","",IFERROR(IF(INDEX(data_wkly!P:P,MATCH($B526,data_wkly!$C:$C,0),1)=0,"",INDEX(data_wkly!P:P,MATCH($B526,data_wkly!$C:$C,0),1)),"")) -> 165.72603 | Q526: =IFERROR(IF(INDEX(data_wkly!Q:Q,MATCH($B526,data_wkly!$C:$C,0),1)=0,"",INDEX(data_wkly!Q:Q,MATCH($B526,data_wkly!$C:$C,0),1)),"") -> 209.1755 | R526: =IF(M526="","",IFERROR(INDEX(data_wkly!R:R,MATCH($B526,data_wkly!$C:$C,0),1),"")) -> 1.1331 | S526: =IF(M526="","",IFERROR(IF(INDEX(data_wkly!S:S,MATCH($B526,data_wkly!$C:$C,0),1)=0,"",INDEX(data_wkly!S:S,MATCH($B526,data_wkly!$C:$C,0),1)),"")) -> 162.93367 | T526: =IFERROR(IF(INDEX(data_wkly!T:T,MATCH($B526,data_wkly!$C:$C,0),1)=0,"",INDEX(data_wkly!T:T,MATCH($B526,data_wkly!$C:$C,0),1)),"") -> 88.864 | U526: =IFERROR(IF(INDEX(data_wkly!U:U,MATCH($B526,data_wkly!$C:$C,0),1)=0,"",INDEX(data_wkly!U:U,MATCH($B526,data_wkly!$C:$C,0),1)),"") -> 11.78 | V526: =IF(M526="","",AO526) -> 2 | W526: =IFERROR(IF(INDEX(data_wkly!W:W,MATCH($B526,data_wkly!$C:$C,0),1)=0,"",INDEX(data_wkly!W:W,MATCH($B526,data_wkly!$C:$C,0),1)),"") -> na | X526: =IFERROR(IF(INDEX(data_wkly!X:X,MATCH($B526,data_wkly!$C:$C,0),1)=0,"",INDEX(data_wkly!X:X,MATCH($B526,data_wkly!$C:$C,0),1)),"") -> na | Y526: =IFERROR(IF(INDEX(data_wkly!Y:Y,MATCH($B526,data_wkly!$C:$C,0),1)=0,"",INDEX(data_wkly!Y:Y,MATCH($B526,data_wkly!$C:$C,0),1)),"") -> 171.46 | Z526: =IFERROR(IF(INDEX(data_wkly!Z:Z,MATCH($B526,data_wkly!$C:$C,0),1)=0,"",INDEX(data_wkly!Z:Z,MATCH($B526,data_wkly!$C:$C,0),1)),"") -> -0.6 | AA526: =IFERROR(IF(INDEX(data_wkly!AA:AA,MATCH($B526,data_wkly!$C:$C,0),1)=0,"",INDEX(data_wkly!AA:AA,MATCH($B526,data_wkly!$C:$C,0),1)),"") -> na | AB526: =IFERROR(IF(INDEX(data_wkly!AB:AB,MATCH($B526,data_wkly!$C:$C,0),1)=0,"",INDEX(data_wkly!AB:AB,MATCH($B526,data_wkly!$C:$C,0),1)),"") -> na | AC526: 174.46 | AD526: -0.38 | AE526: =IF(W526="","",AO526) -> 2 | AF526: =IFERROR(IF(INDEX(data_wkly!AF:AF,MATCH($B526,data_wkly!$C:$C,0),1)=0,"",INDEX(data_wkly!AF:AF,MATCH($B526,data_wkly!$C:$C,0),1)),"") | AG526: =IFERROR(IF(AF526="","",INDEX(data_wkly!AG:AG,MATCH($B526,data_wkly!$C:$C,0),1)),"") | AH526: =IFERROR(IF(INDEX(data_wkly!AH:AH,MATCH($B526,data_wkly!$C:$C,0),1)=0,"",INDEX(data_wkly!AH:AH,MATCH($B526,data_wkly!$C:$C,0),1)),"") | AI526: =IFERROR(IF(INDEX(data_wkly!AI:AI,MATCH($B526,data_wkly!$C:$C,0),1)=0,"",INDEX(data_wkly!AI:AI,MATCH($B526,data_wkly!$C:$C,0),1)),"") | AJ526: =IFERROR(IF(AI526="","",INDEX(data_wkly!AJ:AJ,MATCH($B526,data_wkly!$C:$C,0),1)),"") | AK526: =IFERROR(IF(INDEX(data_wkly!AK:AK,MATCH($B526,data_wkly!$C:$C,0),1)=0,"",INDEX(data_wkly!AK:AK,MATCH($B526,data_wkly!$C:$C,0),1)),"") | AL526: =IFERROR(IF(INDEX(data_wkly!AL:AL,MATCH($B526,data_wkly!$C:$C,0),1)=0,"",INDEX(data_wkly!AL:AL,MATCH($B526,data_wkly!$C:$C,0),1)),"") | AM526: =IFERROR(IF(INDEX(data_wkly!AM:AM,MATCH($B526,data_wkly!$C:$C,0),1)=0,"",INDEX(data_wkly!AM:AM,MATCH($B526,data_wkly!$C:$C,0),1)),"") | AN526: =IF(AF526="","",AO526) | AO526: =AO524 -> 2
